"id","name","bbe","gb_rate","air_rate","fb_rate","ld_rate","pu_rate","pull_rate","straight_rate","oppo_rate","pull_gb_rate","straight_gb_rate","oppo_gb_rate","pull_air_rate","straight_air_rate","oppo_air_rate"
676917,"Cavalli, Cade",169,0.46153846153846156,0.5384615384615384,0.24260355029585798,0.2603550295857988,0.03550295857988166,0.38461538461538464,0.33136094674556216,0.28402366863905326,0.24260355029585798,0.17159763313609466,0.047337278106508875,0.14201183431952666,0.1597633136094675,0.2366863905325444
681402,"Varland, Gus",69,0.30434782608695654,0.6956521739130435,0.2463768115942029,0.36231884057971014,0.08695652173913043,0.5072463768115942,0.21739130434782608,0.2753623188405797,0.21739130434782608,0.057971014492753624,0.028985507246376812,0.2898550724637682,0.15942028985507245,0.2463768115942029
625643,"López, Reynaldo",101,0.3564356435643564,0.6435643564356435,0.2871287128712871,0.2871287128712871,0.06930693069306931,0.40594059405940597,0.3069306930693069,0.2871287128712871,0.16831683168316833,0.1188118811881188,0.06930693069306931,0.23762376237623764,0.18811881188118812,0.2178217821782178
656492,"Griffin, Foster",188,0.4308510638297872,0.5691489361702128,0.2925531914893617,0.2074468085106383,0.06914893617021277,0.43617021276595747,0.39893617021276595,0.16489361702127658,0.20212765957446807,0.18617021276595744,0.0425531914893617,0.2340425531914894,0.2127659574468085,0.12234042553191488
800311,"Fuentes, Didier",54,0.3888888888888889,0.611111111111111,0.3148148148148148,0.2222222222222222,0.07407407407407407,0.2777777777777778,0.37037037037037035,0.35185185185185186,0.2037037037037037,0.12962962962962962,0.05555555555555555,0.0740740740740741,0.24074074074074073,0.2962962962962963
680755,"Fisher, Braydon",76,0.4605263157894737,0.5394736842105263,0.2631578947368421,0.21052631578947367,0.06578947368421052,0.5657894736842105,0.27631578947368424,0.15789473684210525,0.3026315789473684,0.11842105263157894,0.039473684210526314,0.2631578947368421,0.1578947368421053,0.11842105263157894
693686,"Miles, Spencer",92,0.5543478260869565,0.4456521739130435,0.1956521739130435,0.1956521739130435,0.05434782608695652,0.391304347826087,0.29347826086956524,0.31521739130434784,0.2608695652173913,0.17391304347826086,0.11956521739130435,0.13043478260869568,0.11956521739130438,0.1956521739130435
656546,"Hoffman, Jeff",65,0.4461538461538462,0.5538461538461539,0.16923076923076924,0.2923076923076923,0.09230769230769231,0.4153846153846154,0.4,0.18461538461538463,0.12307692307692308,0.24615384615384617,0.07692307692307693,0.2923076923076923,0.15384615384615385,0.1076923076923077
801139,"Tolle, Payton",103,0.33980582524271846,0.6601941747572815,0.3106796116504854,0.20388349514563106,0.14563106796116504,0.3883495145631068,0.2912621359223301,0.32038834951456313,0.17475728155339806,0.1262135922330097,0.038834951456310676,0.21359223300970873,0.16504854368932037,0.28155339805825247
571578,"Corbin, Patrick",157,0.42038216560509556,0.5796178343949044,0.2229299363057325,0.2802547770700637,0.07643312101910828,0.39490445859872614,0.42038216560509556,0.18471337579617833,0.21019108280254778,0.17834394904458598,0.03184713375796178,0.18471337579617836,0.24203821656050958,0.15286624203821655
656302,"Cease, Dylan",137,0.4744525547445255,0.5255474452554745,0.18248175182481752,0.24817518248175183,0.0948905109489051,0.4233576642335766,0.36496350364963503,0.2116788321167883,0.21897810218978103,0.18248175182481752,0.072992700729927,0.2043795620437956,0.18248175182481752,0.1386861313868613
592332,"Gausman, Kevin",201,0.4129353233830846,0.5870646766169154,0.23383084577114427,0.2537313432835821,0.09950248756218906,0.39303482587064675,0.35323383084577115,0.2537313432835821,0.20398009950248755,0.15920398009950248,0.04975124378109453,0.1890547263681592,0.19402985074626866,0.20398009950248758
670036,"Festa, Matt",71,0.28169014084507044,0.7183098591549296,0.323943661971831,0.23943661971830985,0.15492957746478872,0.4647887323943662,0.29577464788732394,0.23943661971830985,0.15492957746478872,0.09859154929577464,0.028169014084507043,0.3098591549295775,0.1971830985915493,0.2112676056338028
688883,"Pallette, Peyton",56,0.35714285714285715,0.6428571428571428,0.17857142857142858,0.32142857142857145,0.14285714285714285,0.375,0.30357142857142855,0.32142857142857145,0.16071428571428573,0.125,0.07142857142857142,0.21428571428571427,0.17857142857142855,0.25
453286,"Scherzer, Max",65,0.27692307692307694,0.7230769230769232,0.2923076923076923,0.24615384615384617,0.18461538461538463,0.49230769230769234,0.3384615384615385,0.16923076923076924,0.12307692307692308,0.13846153846153847,0.015384615384615385,0.36923076923076925,0.2,0.15384615384615385
668909,"Williams, Gavin",183,0.4644808743169399,0.53551912568306,0.22950819672131148,0.24043715846994534,0.06557377049180328,0.4262295081967213,0.3442622950819672,0.22950819672131148,0.2677595628415301,0.18579234972677597,0.01092896174863388,0.1584699453551912,0.15846994535519124,0.2185792349726776
670280,"Bednar, David",67,0.5970149253731343,0.40298507462686567,0.16417910447761194,0.14925373134328357,0.08955223880597014,0.5223880597014925,0.3582089552238806,0.11940298507462686,0.3283582089552239,0.22388059701492538,0.04477611940298507,0.1940298507462686,0.1343283582089552,0.07462686567164178
518585,"Cruz, Fernando",53,0.3584905660377358,0.6415094339622641,0.39622641509433965,0.1320754716981132,0.11320754716981132,0.41509433962264153,0.37735849056603776,0.20754716981132076,0.20754716981132076,0.11320754716981132,0.03773584905660377,0.20754716981132076,0.26415094339622647,0.169811320754717
656234,"Bird, Jake",51,0.49019607843137253,0.5098039215686275,0.17647058823529413,0.21568627450980393,0.11764705882352941,0.47058823529411764,0.35294117647058826,0.17647058823529413,0.23529411764705882,0.19607843137254902,0.058823529411764705,0.23529411764705882,0.15686274509803924,0.11764705882352942
668390,"Winn, Cole",58,0.27586206896551724,0.7241379310344828,0.3620689655172414,0.3275862068965517,0.034482758620689655,0.41379310344827586,0.3275862068965517,0.25862068965517243,0.13793103448275862,0.10344827586206896,0.034482758620689655,0.27586206896551724,0.22413793103448276,0.22413793103448276
622663,"Severino, Luis",173,0.4508670520231214,0.5491329479768785,0.2658959537572254,0.23699421965317918,0.046242774566473986,0.36416184971098264,0.41040462427745666,0.2254335260115607,0.23699421965317918,0.1907514450867052,0.023121387283236993,0.12716763005780346,0.21965317919075147,0.2023121387283237
686993,"Sterner, Justin",81,0.49382716049382713,0.5061728395061729,0.3333333333333333,0.14814814814814814,0.024691358024691357,0.38271604938271603,0.4074074074074074,0.20987654320987653,0.24691358024691357,0.18518518518518517,0.06172839506172839,0.13580246913580246,0.2222222222222222,0.14814814814814814
669022,"Gore, MacKenzie",163,0.3619631901840491,0.638036809815951,0.26993865030674846,0.294478527607362,0.0736196319018405,0.4110429447852761,0.3312883435582822,0.25766871165644173,0.19631901840490798,0.1165644171779141,0.049079754601226995,0.2147239263803681,0.21472392638036808,0.20858895705521474
669372,"Ginn, J.T.",160,0.48125,0.5187499999999999,0.21875,0.225,0.075,0.39375,0.40625,0.2,0.225,0.20625,0.05,0.16874999999999998,0.2,0.15000000000000002
664875,"Lawrence, Justin",65,0.4307692307692308,0.5692307692307692,0.2153846153846154,0.27692307692307694,0.07692307692307693,0.4,0.35384615384615387,0.24615384615384617,0.2,0.2,0.03076923076923077,0.2,0.15384615384615385,0.2153846153846154
642397,"Soto, Gregory",60,0.45,0.5499999999999999,0.26666666666666666,0.11666666666666667,0.16666666666666666,0.36666666666666664,0.3333333333333333,0.3,0.2,0.18333333333333332,0.06666666666666667,0.16666666666666663,0.15,0.23333333333333334
677952,"Ashcraft, Braxton",183,0.48633879781420764,0.5136612021857924,0.2568306010928962,0.17486338797814208,0.08196721311475409,0.3224043715846995,0.40437158469945356,0.273224043715847,0.1912568306010929,0.24043715846994534,0.0546448087431694,0.1311475409836066,0.1639344262295082,0.21857923497267762
669387,"Mlodzinski, Carmen",169,0.4378698224852071,0.5621301775147929,0.1952662721893491,0.2781065088757396,0.08875739644970414,0.40828402366863903,0.3727810650887574,0.21893491124260356,0.22485207100591717,0.17751479289940827,0.03550295857988166,0.18343195266272186,0.19526627218934914,0.1834319526627219
663556,"McClanahan, Shane",132,0.4696969696969697,0.5303030303030303,0.2803030303030303,0.21212121212121213,0.03787878787878788,0.4393939393939394,0.3333333333333333,0.22727272727272727,0.2727272727272727,0.1590909090909091,0.03787878787878788,0.16666666666666669,0.17424242424242423,0.1893939393939394
607455,"Banda, Anthony",72,0.4861111111111111,0.5138888888888888,0.2916666666666667,0.20833333333333334,0.013888888888888888,0.3333333333333333,0.4027777777777778,0.2638888888888889,0.18055555555555555,0.25,0.05555555555555555,0.15277777777777776,0.1527777777777778,0.20833333333333334
623437,"Topa, Justin",68,0.5735294117647058,0.4264705882352941,0.23529411764705882,0.17647058823529413,0.014705882352941176,0.27941176470588236,0.5294117647058824,0.19117647058823528,0.11764705882352941,0.38235294117647056,0.07352941176470588,0.16176470588235295,0.1470588235294118,0.1176470588235294
641329,"Baker, Bryan",56,0.39285714285714285,0.6071428571428572,0.21428571428571427,0.25,0.14285714285714285,0.4107142857142857,0.25,0.3392857142857143,0.21428571428571427,0.125,0.05357142857142857,0.19642857142857142,0.125,0.28571428571428575
669947,"Scholtens, Jesse",120,0.36666666666666664,0.6333333333333333,0.26666666666666666,0.24166666666666667,0.125,0.475,0.325,0.2,0.225,0.125,0.016666666666666666,0.24999999999999997,0.2,0.18333333333333335
671737,"Bradley, Taj",148,0.35135135135135137,0.6486486486486486,0.2905405405405405,0.2702702702702703,0.08783783783783784,0.39864864864864863,0.34459459459459457,0.25675675675675674,0.20945945945945946,0.12162162162162163,0.02027027027027027,0.18918918918918917,0.22297297297297294,0.23648648648648646
656271,"Burke, Brock",73,0.4246575342465753,0.5753424657534246,0.2602739726027397,0.2328767123287671,0.0821917808219178,0.3287671232876712,0.4383561643835616,0.2328767123287671,0.1506849315068493,0.2465753424657534,0.0273972602739726,0.1780821917808219,0.1917808219178082,0.2054794520547945
669923,"Kirby, George",222,0.5225225225225225,0.4774774774774775,0.23873873873873874,0.18468468468468469,0.05405405405405406,0.32432432432432434,0.4144144144144144,0.26126126126126126,0.21621621621621623,0.22972972972972974,0.07657657657657657,0.10810810810810811,0.18468468468468466,0.18468468468468469
677865,"Bruihl, Justin",84,0.4880952380952381,0.5119047619047619,0.14285714285714285,0.30952380952380953,0.05952380952380952,0.3333333333333333,0.40476190476190477,0.2619047619047619,0.17857142857142858,0.2261904761904762,0.08333333333333333,0.15476190476190474,0.17857142857142858,0.1785714285714286
667463,"King, John",58,0.4827586206896552,0.5172413793103448,0.22413793103448276,0.20689655172413793,0.08620689655172414,0.3620689655172414,0.3448275862068966,0.29310344827586204,0.2413793103448276,0.1724137931034483,0.06896551724137931,0.12068965517241378,0.1724137931034483,0.22413793103448273
669199,"Bachar, Lake",72,0.3472222222222222,0.6527777777777778,0.375,0.18055555555555555,0.09722222222222222,0.4861111111111111,0.3333333333333333,0.18055555555555555,0.2361111111111111,0.1111111111111111,0,0.25,0.2222222222222222,0.18055555555555555
656945,"Scott, Tanner",59,0.3389830508474576,0.6610169491525424,0.3559322033898305,0.22033898305084745,0.0847457627118644,0.3389830508474576,0.3050847457627119,0.3559322033898305,0.13559322033898305,0.15254237288135594,0.05084745762711865,0.20338983050847456,0.15254237288135594,0.30508474576271183
593974,"Peralta, Wandy",79,0.5189873417721519,0.48101265822784806,0.17721518987341772,0.26582278481012656,0.0379746835443038,0.4177215189873418,0.4050632911392405,0.17721518987341772,0.22784810126582278,0.25316455696202533,0.0379746835443038,0.189873417721519,0.15189873417721517,0.13924050632911392
665795,"Cabrera, Edward",158,0.44936708860759494,0.550632911392405,0.22784810126582278,0.26582278481012656,0.056962025316455694,0.46835443037974683,0.2974683544303797,0.23417721518987342,0.24050632911392406,0.14556962025316456,0.06329113924050633,0.22784810126582278,0.15189873417721517,0.17088607594936708
571510,"Boyd, Matthew",63,0.3968253968253968,0.603174603174603,0.1746031746031746,0.3492063492063492,0.07936507936507936,0.4126984126984127,0.3492063492063492,0.23809523809523808,0.15873015873015872,0.20634920634920634,0.031746031746031744,0.25396825396825395,0.14285714285714285,0.20634920634920634
664208,"Maton, Phil",52,0.4230769230769231,0.576923076923077,0.23076923076923078,0.3269230769230769,0.019230769230769232,0.34615384615384615,0.3076923076923077,0.34615384615384615,0.19230769230769232,0.17307692307692307,0.057692307692307696,0.15384615384615383,0.13461538461538464,0.28846153846153844
670970,"Morejon, Adrian",77,0.6103896103896104,0.38961038961038963,0.09090909090909091,0.24675324675324675,0.05194805194805195,0.37662337662337664,0.37662337662337664,0.24675324675324675,0.2727272727272727,0.23376623376623376,0.1038961038961039,0.10389610389610393,0.14285714285714288,0.14285714285714285
663362,"Waldron, Matt",79,0.46835443037974683,0.5316455696202531,0.27848101265822783,0.16455696202531644,0.08860759493670886,0.379746835443038,0.4050632911392405,0.21518987341772153,0.22784810126582278,0.17721518987341772,0.06329113924050633,0.15189873417721522,0.22784810126582278,0.1518987341772152
682254,"Montgomery, Mason",57,0.5263157894736842,0.47368421052631576,0.19298245614035087,0.21052631578947367,0.07017543859649122,0.43859649122807015,0.3333333333333333,0.22807017543859648,0.2807017543859649,0.17543859649122806,0.07017543859649122,0.15789473684210525,0.15789473684210525,0.15789473684210525
656605,"Keller, Mitch",206,0.4029126213592233,0.5970873786407767,0.19902912621359223,0.3106796116504854,0.08737864077669903,0.32038834951456313,0.39805825242718446,0.2815533980582524,0.1553398058252427,0.18446601941747573,0.06310679611650485,0.16504854368932043,0.21359223300970873,0.21844660194174756
650911,"Sánchez, Cristopher",211,0.5734597156398105,0.4265402843601896,0.17061611374407584,0.2132701421800948,0.04265402843601896,0.4265402843601896,0.3791469194312796,0.1943127962085308,0.2796208530805687,0.22748815165876776,0.06635071090047394,0.14691943127962087,0.15165876777251183,0.12796208530805686
689147,"Kerkering, Orion",58,0.3793103448275862,0.6206896551724137,0.3275862068965517,0.1896551724137931,0.10344827586206896,0.41379310344827586,0.29310344827586204,0.29310344827586204,0.22413793103448276,0.08620689655172414,0.06896551724137931,0.1896551724137931,0.2068965517241379,0.22413793103448273
641745,"Keller, Brad",64,0.4375,0.5625,0.28125,0.234375,0.046875,0.234375,0.453125,0.3125,0.125,0.234375,0.078125,0.109375,0.21875,0.234375
656550,"Holmes, Grant",166,0.42771084337349397,0.572289156626506,0.25903614457831325,0.2289156626506024,0.08433734939759036,0.39759036144578314,0.3433734939759036,0.25903614457831325,0.18072289156626506,0.1927710843373494,0.05421686746987952,0.21686746987951808,0.1506024096385542,0.20481927710843373
691725,"Painter, Andrew",160,0.4125,0.5875,0.28125,0.2,0.10625,0.38125,0.3875,0.23125,0.21875,0.15,0.04375,0.16249999999999998,0.23750000000000002,0.1875
621112,"Blackburn, Paul",76,0.5394736842105263,0.4605263157894737,0.23684210526315788,0.18421052631578946,0.039473684210526314,0.40789473684210525,0.40789473684210525,0.18421052631578946,0.2236842105263158,0.27631578947368424,0.039473684210526314,0.18421052631578946,0.13157894736842102,0.14473684210526316
608379,"Wacha, Michael",191,0.387434554973822,0.612565445026178,0.28272251308900526,0.24607329842931938,0.08376963350785341,0.35602094240837695,0.4083769633507853,0.2356020942408377,0.17801047120418848,0.17801047120418848,0.031413612565445025,0.17801047120418848,0.23036649214659685,0.20418848167539266
656849,"Peterson, David",172,0.5290697674418605,0.4709302325581395,0.14534883720930233,0.27325581395348836,0.05232558139534884,0.4127906976744186,0.37790697674418605,0.20930232558139536,0.27325581395348836,0.20930232558139536,0.046511627906976744,0.13953488372093026,0.1686046511627907,0.16279069767441862
680767,"Vodnik, Victor",60,0.48333333333333334,0.5166666666666667,0.21666666666666667,0.23333333333333334,0.06666666666666667,0.26666666666666666,0.4166666666666667,0.31666666666666665,0.11666666666666667,0.26666666666666666,0.1,0.15,0.15000000000000002,0.21666666666666665
671096,"Abbott, Andrew",201,0.4079601990049751,0.592039800995025,0.25870646766169153,0.24378109452736318,0.08955223880597014,0.3034825870646766,0.4079601990049751,0.2885572139303483,0.18407960199004975,0.15920398009950248,0.06467661691542288,0.11940298507462688,0.24875621890547261,0.2238805970149254
605540,"Woodruff, Brandon",88,0.3068181818181818,0.6931818181818181,0.3977272727272727,0.19318181818181818,0.10227272727272728,0.2727272727272727,0.3522727272727273,0.375,0.09090909090909091,0.1590909090909091,0.056818181818181816,0.1818181818181818,0.1931818181818182,0.3181818181818182
656730,"Megill, Trevor",52,0.40384615384615385,0.5961538461538461,0.34615384615384615,0.19230769230769232,0.057692307692307696,0.36538461538461536,0.34615384615384615,0.28846153846153844,0.19230769230769232,0.15384615384615385,0.057692307692307696,0.17307692307692304,0.1923076923076923,0.23076923076923073
663765,"Woodford, Jake",69,0.391304347826087,0.608695652173913,0.2463768115942029,0.3188405797101449,0.043478260869565216,0.2463768115942029,0.5072463768115942,0.2463768115942029,0.13043478260869565,0.21739130434782608,0.043478260869565216,0.11594202898550726,0.2898550724637682,0.2028985507246377
675660,"Drohan, Shane",77,0.4675324675324675,0.5324675324675324,0.2727272727272727,0.19480519480519481,0.06493506493506493,0.38961038961038963,0.42857142857142855,0.18181818181818182,0.2727272727272727,0.15584415584415584,0.03896103896103896,0.11688311688311692,0.2727272727272727,0.14285714285714285
694297,"Pfaadt, Brandon",115,0.5130434782608696,0.48695652173913045,0.21739130434782608,0.2,0.06956521739130435,0.40869565217391307,0.33043478260869563,0.2608695652173913,0.2782608695652174,0.1826086956521739,0.05217391304347826,0.13043478260869568,0.14782608695652172,0.20869565217391303
666661,"Morillo, Juan",57,0.5263157894736842,0.47368421052631576,0.19298245614035087,0.17543859649122806,0.10526315789473684,0.3157894736842105,0.3508771929824561,0.3333333333333333,0.2631578947368421,0.15789473684210525,0.10526315789473684,0.05263157894736842,0.19298245614035087,0.22807017543859648
669084,"Hall, DL",57,0.543859649122807,0.45614035087719296,0.17543859649122806,0.15789473684210525,0.12280701754385964,0.3684210526315789,0.42105263157894735,0.21052631578947367,0.22807017543859648,0.21052631578947367,0.10526315789473684,0.14035087719298245,0.21052631578947367,0.10526315789473684
681982,"Anderson, Grant",60,0.4166666666666667,0.5833333333333334,0.3,0.2,0.08333333333333333,0.38333333333333336,0.45,0.16666666666666666,0.16666666666666666,0.2,0.05,0.2166666666666667,0.25,0.11666666666666665
676879,"Ashby, Aaron",81,0.5555555555555556,0.4444444444444444,0.18518518518518517,0.2222222222222222,0.037037037037037035,0.2839506172839506,0.43209876543209874,0.2839506172839506,0.19753086419753085,0.2345679012345679,0.12345679012345678,0.08641975308641975,0.19753086419753085,0.16049382716049382
694477,"Patrick, Chad",131,0.3435114503816794,0.6564885496183206,0.29770992366412213,0.2595419847328244,0.09923664122137404,0.33587786259541985,0.3282442748091603,0.33587786259541985,0.1297709923664122,0.1297709923664122,0.08396946564885496,0.20610687022900764,0.1984732824427481,0.25190839694656486
663978,"Paddack, Chris",161,0.40372670807453415,0.5962732919254659,0.2919254658385093,0.2422360248447205,0.062111801242236024,0.40372670807453415,0.33540372670807456,0.2608695652173913,0.21739130434782608,0.15527950310559005,0.031055900621118012,0.18633540372670807,0.1801242236024845,0.22981366459627328
683618,"Henriquez, Edgardo",53,0.5094339622641509,0.49056603773584906,0.16981132075471697,0.1509433962264151,0.16981132075471697,0.4716981132075472,0.2830188679245283,0.24528301886792453,0.3018867924528302,0.1509433962264151,0.05660377358490566,0.169811320754717,0.1320754716981132,0.18867924528301888
607067,"Rea, Colin",185,0.4702702702702703,0.5297297297297298,0.2702702702702703,0.2,0.05945945945945946,0.34054054054054056,0.41081081081081083,0.24864864864864866,0.1945945945945946,0.23243243243243245,0.043243243243243246,0.14594594594594595,0.1783783783783784,0.20540540540540542
681217,"Silseth, Chase",52,0.46153846153846156,0.5384615384615384,0.25,0.25,0.038461538461538464,0.40384615384615385,0.28846153846153844,0.3076923076923077,0.25,0.17307692307692307,0.038461538461538464,0.15384615384615385,0.11538461538461536,0.2692307692307693
686799,"Kochanowicz, Jack",191,0.5706806282722513,0.42931937172774864,0.20418848167539266,0.18324607329842932,0.041884816753926704,0.418848167539267,0.34554973821989526,0.2356020942408377,0.2931937172774869,0.20418848167539266,0.07329842931937172,0.12565445026178013,0.1413612565445026,0.16230366492146597
608566,"Márquez, Germán",96,0.3333333333333333,0.6666666666666666,0.3645833333333333,0.20833333333333334,0.09375,0.3958333333333333,0.2916666666666667,0.3125,0.19791666666666666,0.08333333333333333,0.052083333333333336,0.19791666666666666,0.20833333333333337,0.2604166666666667
683232,"Mears, Nick",57,0.47368421052631576,0.5263157894736842,0.24561403508771928,0.22807017543859648,0.05263157894736842,0.42105263157894735,0.3508771929824561,0.22807017543859648,0.22807017543859648,0.21052631578947367,0.03508771929824561,0.19298245614035087,0.14035087719298245,0.19298245614035087
666974,"Cano, Yennier",54,0.6111111111111112,0.38888888888888884,0.2037037037037037,0.16666666666666666,0.018518518518518517,0.5370370370370371,0.37037037037037035,0.09259259259259259,0.4074074074074074,0.2037037037037037,0,0.1296296296296297,0.16666666666666666,0.09259259259259259
661563,"Gil, Luis",62,0.46774193548387094,0.532258064516129,0.3225806451612903,0.14516129032258066,0.06451612903225806,0.3870967741935484,0.3870967741935484,0.22580645161290322,0.22580645161290322,0.1935483870967742,0.04838709677419355,0.16129032258064516,0.1935483870967742,0.1774193548387097
595345,"Okert, Steven",70,0.2857142857142857,0.7142857142857143,0.35714285714285715,0.17142857142857143,0.18571428571428572,0.4142857142857143,0.35714285714285715,0.22857142857142856,0.14285714285714285,0.07142857142857142,0.07142857142857142,0.27142857142857146,0.2857142857142857,0.15714285714285714
676428,"Hurter, Brant",70,0.6,0.4,0.1,0.24285714285714285,0.05714285714285714,0.4142857142857143,0.4,0.18571428571428572,0.2714285714285714,0.2857142857142857,0.04285714285714286,0.1428571428571429,0.11428571428571432,0.14285714285714285
646241,"De Jesus, Enmanuel",69,0.4057971014492754,0.5942028985507246,0.2608695652173913,0.2898550724637681,0.043478260869565216,0.2753623188405797,0.391304347826087,0.3333333333333333,0.14492753623188406,0.2028985507246377,0.057971014492753624,0.13043478260869565,0.18840579710144928,0.2753623188405797
663372,"Feltner, Ryan",81,0.43209876543209874,0.5679012345679011,0.32098765432098764,0.20987654320987653,0.037037037037037035,0.3333333333333333,0.4074074074074074,0.25925925925925924,0.18518518518518517,0.19753086419753085,0.04938271604938271,0.14814814814814814,0.20987654320987653,0.20987654320987653
676440,"Bibee, Tanner",189,0.36507936507936506,0.6349206349206349,0.2698412698412698,0.25396825396825395,0.1111111111111111,0.37037037037037035,0.3915343915343915,0.23809523809523808,0.12698412698412698,0.1746031746031746,0.06349206349206349,0.24338624338624337,0.21693121693121692,0.1746031746031746
623454,"Anderson, Drew",92,0.5,0.49999999999999994,0.21739130434782608,0.17391304347826086,0.10869565217391304,0.358695652173913,0.33695652173913043,0.30434782608695654,0.2826086956521739,0.14130434782608695,0.07608695652173914,0.07608695652173914,0.1956521739130435,0.2282608695652174
673929,"Leasure, Jordan",52,0.23076923076923078,0.7692307692307693,0.5,0.17307692307692307,0.09615384615384616,0.40384615384615385,0.40384615384615385,0.19230769230769232,0.09615384615384616,0.09615384615384616,0.038461538461538464,0.3076923076923077,0.3076923076923077,0.15384615384615385
543243,"Gray, Sonny",148,0.4797297297297297,0.5202702702702703,0.1891891891891892,0.27702702702702703,0.05405405405405406,0.4594594594594595,0.3310810810810811,0.20945945945945946,0.28378378378378377,0.14189189189189189,0.05405405405405406,0.1756756756756757,0.1891891891891892,0.1554054054054054
669920,"Alexander, Jason",61,0.4426229508196721,0.5573770491803278,0.2786885245901639,0.21311475409836064,0.06557377049180328,0.5245901639344263,0.29508196721311475,0.18032786885245902,0.2459016393442623,0.14754098360655737,0.04918032786885246,0.27868852459016397,0.14754098360655737,0.13114754098360656
675911,"Strider, Spencer",56,0.3392857142857143,0.6607142857142857,0.4107142857142857,0.14285714285714285,0.10714285714285714,0.42857142857142855,0.23214285714285715,0.3392857142857143,0.14285714285714285,0.10714285714285714,0.08928571428571429,0.2857142857142857,0.125,0.25
701656,"Henderson, Logan",54,0.18518518518518517,0.8148148148148148,0.3333333333333333,0.35185185185185186,0.12962962962962962,0.42592592592592593,0.35185185185185186,0.2222222222222222,0.1111111111111111,0.037037037037037035,0.037037037037037035,0.3148148148148148,0.3148148148148148,0.18518518518518517
690953,"Abel, Mick",57,0.40350877192982454,0.5964912280701754,0.24561403508771928,0.2807017543859649,0.07017543859649122,0.38596491228070173,0.3508771929824561,0.2631578947368421,0.21052631578947367,0.14035087719298245,0.05263157894736842,0.17543859649122806,0.21052631578947367,0.21052631578947367
672335,"Pérez, Cionel",55,0.6,0.4,0.2,0.14545454545454545,0.05454545454545454,0.32727272727272727,0.4,0.2727272727272727,0.2,0.2909090909090909,0.10909090909090909,0.12727272727272726,0.10909090909090913,0.16363636363636364
607481,"Bummer, Aaron",53,0.4716981132075472,0.5283018867924528,0.3018867924528302,0.1509433962264151,0.07547169811320754,0.39622641509433965,0.39622641509433965,0.20754716981132076,0.20754716981132076,0.18867924528301888,0.07547169811320754,0.18867924528301888,0.20754716981132076,0.13207547169811323
660761,"Suarez, José",81,0.43209876543209874,0.5679012345679012,0.16049382716049382,0.3333333333333333,0.07407407407407407,0.4444444444444444,0.4074074074074074,0.14814814814814814,0.18518518518518517,0.19753086419753085,0.04938271604938271,0.25925925925925924,0.20987654320987653,0.09876543209876543
527048,"Pérez, Martín",143,0.45454545454545453,0.5454545454545455,0.2517482517482518,0.23776223776223776,0.055944055944055944,0.5524475524475524,0.2727272727272727,0.17482517482517482,0.3076923076923077,0.11188811188811189,0.03496503496503497,0.24475524475524468,0.16083916083916083,0.13986013986013984
680730,"Parker, Mitchell",87,0.4367816091954023,0.5632183908045977,0.27586206896551724,0.20689655172413793,0.08045977011494253,0.45977011494252873,0.3218390804597701,0.21839080459770116,0.22988505747126436,0.14942528735632185,0.05747126436781609,0.22988505747126436,0.17241379310344826,0.16091954022988508
663623,"Irvin, Jake",142,0.4014084507042254,0.5985915492957746,0.3028169014084507,0.2323943661971831,0.06338028169014084,0.3873239436619718,0.352112676056338,0.2605633802816901,0.15492957746478872,0.19014084507042253,0.056338028169014086,0.2323943661971831,0.16197183098591547,0.20422535211267603
592662,"Ray, Robbie",168,0.3333333333333333,0.6666666666666667,0.375,0.23809523809523808,0.05357142857142857,0.3630952380952381,0.3273809523809524,0.30952380952380953,0.15476190476190477,0.1130952380952381,0.06547619047619048,0.20833333333333331,0.2142857142857143,0.24404761904761907
676775,"Winn, Keaton",67,0.44776119402985076,0.5522388059701492,0.29850746268656714,0.22388059701492538,0.029850746268656716,0.34328358208955223,0.3880597014925373,0.26865671641791045,0.1791044776119403,0.19402985074626866,0.07462686567164178,0.16417910447761194,0.19402985074626866,0.19402985074626866
605288,"Houser, Adrian",198,0.4595959595959596,0.5404040404040404,0.1919191919191919,0.2727272727272727,0.07575757575757576,0.398989898989899,0.3434343434343434,0.25757575757575757,0.24242424242424243,0.1717171717171717,0.045454545454545456,0.15656565656565657,0.1717171717171717,0.2121212121212121
657424,"Gage, Matt",65,0.4461538461538462,0.5538461538461539,0.3076923076923077,0.2,0.046153846153846156,0.4461538461538462,0.3384615384615385,0.2153846153846154,0.27692307692307694,0.15384615384615385,0.015384615384615385,0.16923076923076924,0.18461538461538463,0.2
687606,"Schultz, Paxton",61,0.3770491803278688,0.6229508196721312,0.39344262295081966,0.19672131147540983,0.03278688524590164,0.32786885245901637,0.3770491803278688,0.29508196721311475,0.18032786885245902,0.18032786885245902,0.01639344262295082,0.14754098360655735,0.1967213114754098,0.2786885245901639
641778,"Lauer, Eric",136,0.2647058823529412,0.7352941176470588,0.4117647058823529,0.23529411764705882,0.08823529411764706,0.35294117647058826,0.38235294117647056,0.2647058823529412,0.11029411764705882,0.125,0.029411764705882353,0.24264705882352944,0.25735294117647056,0.23529411764705882
676477,"Whitlock, Garrett",50,0.4,0.6,0.24,0.22,0.14,0.34,0.36,0.3,0.18,0.18,0.04,0.16000000000000003,0.18,0.26
678394,"Bello, Brayan",195,0.5076923076923077,0.49230769230769234,0.23076923076923078,0.2358974358974359,0.02564102564102564,0.5128205128205128,0.3128205128205128,0.17435897435897435,0.28205128205128205,0.16923076923076924,0.05641025641025641,0.23076923076923073,0.14358974358974358,0.11794871794871795
701719,"Samaniego, Tyler",57,0.45614035087719296,0.5438596491228069,0.22807017543859648,0.2631578947368421,0.05263157894736842,0.42105263157894735,0.3333333333333333,0.24561403508771928,0.17543859649122806,0.15789473684210525,0.12280701754385964,0.24561403508771928,0.17543859649122806,0.12280701754385964
702056,"Yesavage, Trey",92,0.3804347826086957,0.6195652173913044,0.2717391304347826,0.2391304347826087,0.10869565217391304,0.3695652173913043,0.3695652173913043,0.2608695652173913,0.20652173913043478,0.13043478260869565,0.043478260869565216,0.16304347826086954,0.23913043478260868,0.21739130434782608
686973,"Varland, Louis",69,0.6086956521739131,0.391304347826087,0.18840579710144928,0.17391304347826086,0.028985507246376812,0.2463768115942029,0.5072463768115942,0.2463768115942029,0.18840579710144928,0.36231884057971014,0.057971014492753624,0.05797101449275363,0.1449275362318841,0.18840579710144928
624133,"Suarez, Ranger",148,0.43243243243243246,0.5675675675675675,0.22297297297297297,0.27702702702702703,0.06756756756756757,0.38513513513513514,0.36486486486486486,0.25,0.18243243243243243,0.1891891891891892,0.060810810810810814,0.20270270270270271,0.17567567567567566,0.1891891891891892
681870,"Sabrowski, Erik",31,0.16129032258064516,0.8387096774193549,0.3548387096774194,0.3870967741935484,0.0967741935483871,0.25806451612903225,0.2903225806451613,0.45161290322580644,0.0967741935483871,0.03225806451612903,0.03225806451612903,0.16129032258064516,0.25806451612903225,0.4193548387096774
657612,"Hill, Tim",70,0.7571428571428571,0.24285714285714285,0.08571428571428572,0.14285714285714285,0.014285714285714285,0.32857142857142857,0.45714285714285713,0.21428571428571427,0.3,0.38571428571428573,0.07142857142857142,0.02857142857142858,0.0714285714285714,0.14285714285714285
682608,"Gray, Peyton",51,0.37254901960784315,0.6274509803921569,0.2549019607843137,0.21568627450980393,0.1568627450980392,0.4117647058823529,0.37254901960784315,0.21568627450980393,0.23529411764705882,0.09803921568627451,0.0392156862745098,0.1764705882352941,0.27450980392156865,0.17647058823529413
683004,"Leiter, Jack",170,0.4117647058823529,0.5882352941176471,0.31176470588235294,0.23529411764705882,0.041176470588235294,0.40588235294117647,0.3411764705882353,0.2529411764705882,0.21176470588235294,0.15294117647058825,0.047058823529411764,0.19411764705882353,0.18823529411764706,0.20588235294117646
594798,"deGrom, Jacob",156,0.28205128205128205,0.717948717948718,0.3333333333333333,0.2948717948717949,0.08974358974358974,0.4230769230769231,0.41025641025641024,0.16666666666666666,0.17307692307692307,0.09615384615384616,0.01282051282051282,0.25,0.3141025641025641,0.15384615384615383
693645,"Schlittler, Cam",181,0.48066298342541436,0.5193370165745856,0.2596685082872928,0.20994475138121546,0.049723756906077346,0.3370165745856354,0.3812154696132597,0.281767955801105,0.23204419889502761,0.18232044198895028,0.06629834254143646,0.10497237569060777,0.1988950276243094,0.2154696132596685
615698,"Quantrill, Cal",64,0.3125,0.6875,0.265625,0.3125,0.109375,0.328125,0.40625,0.265625,0.125,0.140625,0.046875,0.203125,0.265625,0.21875
643410,"Leiter Jr., Mark",72,0.3611111111111111,0.6388888888888888,0.2638888888888889,0.3055555555555556,0.06944444444444445,0.4166666666666667,0.4444444444444444,0.1388888888888889,0.20833333333333334,0.125,0.027777777777777776,0.20833333333333334,0.3194444444444444,0.11111111111111112
678022,"Perkins, Jack",72,0.4305555555555556,0.5694444444444444,0.25,0.25,0.06944444444444445,0.2638888888888889,0.3888888888888889,0.3472222222222222,0.1527777777777778,0.16666666666666666,0.1111111111111111,0.1111111111111111,0.22222222222222224,0.2361111111111111
682052,"Lopez, Jacob",164,0.32926829268292684,0.6707317073170732,0.3170731707317073,0.20121951219512196,0.1524390243902439,0.3780487804878049,0.3780487804878049,0.24390243902439024,0.14634146341463414,0.13414634146341464,0.04878048780487805,0.23170731707317074,0.24390243902439024,0.1951219512195122
641927,"Ober, Bailey",214,0.3411214953271028,0.6588785046728972,0.3130841121495327,0.19626168224299065,0.14953271028037382,0.4392523364485981,0.3037383177570093,0.2570093457943925,0.205607476635514,0.09813084112149532,0.037383177570093455,0.2336448598130841,0.20560747663551399,0.21962616822429903
685801,"Bigge, Hunter",57,0.42105263157894735,0.5789473684210527,0.2982456140350877,0.15789473684210525,0.12280701754385964,0.45614035087719296,0.3333333333333333,0.21052631578947367,0.2982456140350877,0.10526315789473684,0.017543859649122806,0.15789473684210525,0.22807017543859648,0.19298245614035087
687330,"Kelly, Kevin",68,0.6176470588235294,0.38235294117647056,0.16176470588235295,0.22058823529411764,0,0.4117647058823529,0.4411764705882353,0.14705882352941177,0.29411764705882354,0.29411764705882354,0.029411764705882353,0.11764705882352938,0.14705882352941174,0.11764705882352941
642121,"Sulser, Cole",73,0.410958904109589,0.5890410958904109,0.3013698630136986,0.1917808219178082,0.0958904109589041,0.3835616438356164,0.3972602739726027,0.2191780821917808,0.2054794520547945,0.1780821917808219,0.0273972602739726,0.1780821917808219,0.2191780821917808,0.1917808219178082
656876,"Rasmussen, Drew",168,0.5178571428571429,0.48214285714285715,0.20238095238095238,0.20238095238095238,0.07738095238095238,0.47023809523809523,0.35119047619047616,0.17857142857142858,0.2916666666666667,0.19642857142857142,0.02976190476190476,0.17857142857142855,0.15476190476190474,0.1488095238095238
663574,"Santillan, Tony",61,0.32786885245901637,0.6721311475409836,0.4262295081967213,0.21311475409836064,0.03278688524590164,0.4426229508196721,0.3114754098360656,0.2459016393442623,0.18032786885245902,0.09836065573770492,0.04918032786885246,0.2622950819672131,0.21311475409836067,0.19672131147540983
683175,"Phillips, Connor",74,0.25675675675675674,0.7432432432432433,0.3783783783783784,0.2702702702702703,0.0945945945945946,0.3108108108108108,0.40540540540540543,0.28378378378378377,0.12162162162162163,0.12162162162162163,0.013513513513513514,0.18918918918918917,0.28378378378378377,0.2702702702702703
695076,"Lowder, Rhett",121,0.4462809917355372,0.5537190082644629,0.2644628099173554,0.23140495867768596,0.05785123966942149,0.4462809917355372,0.32231404958677684,0.23140495867768596,0.2727272727272727,0.11570247933884298,0.05785123966942149,0.1735537190082645,0.20661157024793386,0.17355371900826447
695505,"Burns, Chase",156,0.44871794871794873,0.5512820512820513,0.26282051282051283,0.1858974358974359,0.10256410256410256,0.4166666666666667,0.2948717948717949,0.28846153846153844,0.24358974358974358,0.15384615384615385,0.05128205128205128,0.1730769230769231,0.14102564102564102,0.23717948717948717
678606,"Ferrer, José A.",83,0.4819277108433735,0.5180722891566265,0.27710843373493976,0.1927710843373494,0.04819277108433735,0.2289156626506024,0.4578313253012048,0.3132530120481928,0.1566265060240964,0.24096385542168675,0.08433734939759036,0.07228915662650601,0.21686746987951805,0.22891566265060243
622491,"Castillo, Luis",152,0.3618421052631579,0.638157894736842,0.27631578947368424,0.26973684210526316,0.09210526315789473,0.4342105263157895,0.3157894736842105,0.25,0.20394736842105263,0.1118421052631579,0.046052631578947366,0.23026315789473686,0.2039473684210526,0.20394736842105263
668984,"Legumina, Casey",71,0.39436619718309857,0.6056338028169015,0.28169014084507044,0.28169014084507044,0.04225352112676056,0.4084507042253521,0.3380281690140845,0.2535211267605634,0.18309859154929578,0.16901408450704225,0.04225352112676056,0.22535211267605634,0.16901408450704225,0.2112676056338028
669622,"Bender, Anthony",55,0.4727272727272727,0.5272727272727272,0.2727272727272727,0.21818181818181817,0.03636363636363636,0.4909090909090909,0.32727272727272727,0.18181818181818182,0.2909090909090909,0.12727272727272726,0.05454545454545454,0.2,0.2,0.1272727272727273
691587,"Pérez, Eury",160,0.3375,0.6625000000000001,0.3,0.225,0.1375,0.4875,0.35625,0.15625,0.2125,0.09375,0.03125,0.275,0.2625,0.125
694738,"Roupp, Landen",156,0.532051282051282,0.467948717948718,0.16025641025641027,0.26282051282051283,0.04487179487179487,0.4358974358974359,0.34615384615384615,0.21794871794871795,0.28205128205128205,0.19230769230769232,0.057692307692307696,0.15384615384615385,0.15384615384615383,0.16025641025641024
641816,"Mahle, Tyler",168,0.44642857142857145,0.5535714285714286,0.2916666666666667,0.20833333333333334,0.05357142857142857,0.38095238095238093,0.36904761904761907,0.25,0.21428571428571427,0.19642857142857142,0.03571428571428571,0.16666666666666666,0.17261904761904764,0.2142857142857143
676263,"Dreyer, Jack",53,0.39622641509433965,0.6037735849056604,0.33962264150943394,0.1509433962264151,0.11320754716981132,0.2830188679245283,0.41509433962264153,0.3018867924528302,0.18867924528301888,0.1509433962264151,0.05660377358490566,0.09433962264150941,0.26415094339622647,0.24528301886792453
808967,"Yamamoto, Yoshinobu",174,0.4540229885057471,0.5459770114942528,0.25862068965517243,0.2413793103448276,0.04597701149425287,0.45977011494252873,0.2988505747126437,0.2413793103448276,0.2471264367816092,0.14367816091954022,0.06321839080459771,0.21264367816091953,0.15517241379310348,0.1781609195402299
571948,"Milner, Hoby",82,0.45121951219512196,0.5487804878048781,0.25609756097560976,0.23170731707317074,0.06097560975609756,0.3170731707317073,0.47560975609756095,0.2073170731707317,0.23170731707317074,0.1951219512195122,0.024390243902439025,0.08536585365853658,0.28048780487804875,0.18292682926829268
676760,"Marinaccio, Ron",92,0.44565217391304346,0.5543478260869565,0.22826086956521738,0.21739130434782608,0.10869565217391304,0.391304347826087,0.391304347826087,0.21739130434782608,0.21739130434782608,0.16304347826086957,0.06521739130434782,0.1739130434782609,0.2282608695652174,0.15217391304347827
657097,"Webb, Jacob",66,0.4393939393939394,0.5606060606060606,0.24242424242424243,0.25757575757575757,0.06060606060606061,0.4393939393939394,0.3939393939393939,0.16666666666666666,0.24242424242424243,0.18181818181818182,0.015151515151515152,0.19696969696969696,0.2121212121212121,0.1515151515151515
699134,"Rodriguez, Bradgley",79,0.5822784810126582,0.4177215189873418,0.16455696202531644,0.1518987341772152,0.10126582278481013,0.4177215189873418,0.3291139240506329,0.25316455696202533,0.3037974683544304,0.20253164556962025,0.0759493670886076,0.11392405063291139,0.12658227848101264,0.17721518987341772
621237,"Alvarado, José",58,0.39655172413793105,0.603448275862069,0.20689655172413793,0.29310344827586204,0.10344827586206896,0.27586206896551724,0.4482758620689655,0.27586206896551724,0.15517241379310345,0.20689655172413793,0.034482758620689655,0.12068965517241378,0.2413793103448276,0.24137931034482757
666200,"Luzardo, Jesús",184,0.5108695652173914,0.48913043478260876,0.20108695652173914,0.23369565217391305,0.05434782608695652,0.41847826086956524,0.391304347826087,0.19021739130434784,0.2826086956521739,0.20108695652173914,0.02717391304347826,0.13586956521739135,0.19021739130434784,0.16304347826086957
519242,"Sale, Chris",162,0.4382716049382716,0.5617283950617284,0.24691358024691357,0.25925925925925924,0.05555555555555555,0.4012345679012346,0.3950617283950617,0.2037037037037037,0.2222222222222222,0.15432098765432098,0.06172839506172839,0.17901234567901236,0.24074074074074073,0.1419753086419753
500779,"Quintana, Jose",143,0.35664335664335667,0.6433566433566434,0.3076923076923077,0.23076923076923078,0.1048951048951049,0.46153846153846156,0.2937062937062937,0.24475524475524477,0.1958041958041958,0.1258741258741259,0.03496503496503497,0.26573426573426573,0.1678321678321678,0.2097902097902098
677955,"Hill, Jaden",58,0.39655172413793105,0.603448275862069,0.20689655172413793,0.3103448275862069,0.08620689655172414,0.3793103448275862,0.3620689655172414,0.25862068965517243,0.1896551724137931,0.13793103448275862,0.06896551724137931,0.1896551724137931,0.22413793103448276,0.18965517241379312
681810,"Warren, Austin",48,0.3333333333333333,0.6666666666666666,0.2708333333333333,0.375,0.020833333333333332,0.375,0.3958333333333333,0.22916666666666666,0.1875,0.14583333333333334,0,0.1875,0.24999999999999997,0.22916666666666666
622608,"Senzatela, Antonio",88,0.4318181818181818,0.5681818181818182,0.29545454545454547,0.19318181818181818,0.07954545454545454,0.29545454545454547,0.4318181818181818,0.2727272727272727,0.1590909090909091,0.20454545454545456,0.06818181818181818,0.13636363636363638,0.22727272727272727,0.20454545454545453
657746,"Ryan, Joe",166,0.39156626506024095,0.608433734939759,0.28313253012048195,0.21084337349397592,0.1144578313253012,0.4819277108433735,0.28313253012048195,0.23493975903614459,0.27710843373493976,0.08433734939759036,0.030120481927710843,0.20481927710843373,0.1987951807228916,0.20481927710843373
681035,"Scott, Christian",76,0.3026315789473684,0.6973684210526316,0.2631578947368421,0.35526315789473684,0.07894736842105263,0.27631578947368424,0.3815789473684211,0.34210526315789475,0.09210526315789473,0.18421052631578946,0.02631578947368421,0.1842105263157895,0.1973684210526316,0.3157894736842105
472610,"García, Luis",61,0.39344262295081966,0.6065573770491802,0.26229508196721313,0.2786885245901639,0.06557377049180328,0.3114754098360656,0.39344262295081966,0.29508196721311475,0.13114754098360656,0.11475409836065574,0.14754098360655737,0.18032786885245902,0.2786885245901639,0.14754098360655737
663903,"Singer, Brady",183,0.3989071038251366,0.6010928961748634,0.273224043715847,0.29508196721311475,0.03278688524590164,0.4098360655737705,0.39344262295081966,0.19672131147540983,0.17486338797814208,0.20218579234972678,0.02185792349726776,0.23497267759562843,0.1912568306010929,0.17486338797814208
647336,"Soroka, Michael",177,0.4067796610169492,0.5932203389830509,0.2598870056497175,0.2542372881355932,0.07909604519774012,0.4406779661016949,0.3333333333333333,0.22598870056497175,0.24293785310734464,0.13559322033898305,0.02824858757062147,0.19774011299435026,0.19774011299435026,0.1977401129943503
518876,"Kelly, Merrill",156,0.33974358974358976,0.6602564102564102,0.30128205128205127,0.3141025641025641,0.04487179487179487,0.3974358974358974,0.41025641025641024,0.19230769230769232,0.1987179487179487,0.10256410256410256,0.038461538461538464,0.1987179487179487,0.3076923076923077,0.15384615384615385
694819,"Misiorowski, Jacob",124,0.4435483870967742,0.5564516129032259,0.24193548387096775,0.24193548387096775,0.07258064516129033,0.29838709677419356,0.3548387096774194,0.3467741935483871,0.1774193548387097,0.1774193548387097,0.08870967741935484,0.12096774193548387,0.1774193548387097,0.25806451612903225
595014,"Treinen, Blake",50,0.54,0.4600000000000001,0.28,0.16,0.02,0.46,0.34,0.2,0.34,0.14,0.06,0.12,0.2,0.14
681911,"Vesia, Alex",41,0.21951219512195122,0.7804878048780488,0.4634146341463415,0.2682926829268293,0.04878048780487805,0.2682926829268293,0.3902439024390244,0.34146341463414637,0.04878048780487805,0.12195121951219512,0.04878048780487805,0.21951219512195125,0.2682926829268293,0.29268292682926833
694361,"Klein, Will",61,0.4918032786885246,0.5081967213114754,0.14754098360655737,0.26229508196721313,0.09836065573770492,0.18032786885245902,0.5245901639344263,0.29508196721311475,0.11475409836065574,0.26229508196721313,0.11475409836065574,0.06557377049180328,0.26229508196721313,0.180327868852459
680736,"Wrobleski, Justin",194,0.3711340206185567,0.6288659793814433,0.32989690721649484,0.25257731958762886,0.04639175257731959,0.3556701030927835,0.3865979381443299,0.25773195876288657,0.22164948453608246,0.11855670103092783,0.030927835051546393,0.13402061855670105,0.2680412371134021,0.22680412371134018
700712,"Ureña, Walbert",126,0.5158730158730159,0.4841269841269841,0.2222222222222222,0.19047619047619047,0.07142857142857142,0.42063492063492064,0.3412698412698413,0.23809523809523808,0.2857142857142857,0.20634920634920634,0.023809523809523808,0.13492063492063494,0.13492063492063494,0.21428571428571427
579328,"Kikuchi, Yusei",94,0.39361702127659576,0.6063829787234043,0.24468085106382978,0.2553191489361702,0.10638297872340426,0.43617021276595747,0.35106382978723405,0.2127659574468085,0.18085106382978725,0.18085106382978725,0.031914893617021274,0.25531914893617025,0.1702127659574468,0.18085106382978725
663738,"Lynch IV, Daniel",59,0.5084745762711864,0.4915254237288136,0.3050847457627119,0.13559322033898305,0.05084745762711865,0.4406779661016949,0.3898305084745763,0.1694915254237288,0.3389830508474576,0.1694915254237288,0,0.1016949152542373,0.22033898305084748,0.1694915254237288
607625,"Lugo, Seth",215,0.386046511627907,0.613953488372093,0.2930232558139535,0.2651162790697674,0.05581395348837209,0.386046511627907,0.3813953488372093,0.23255813953488372,0.20465116279069767,0.14418604651162792,0.037209302325581395,0.1813953488372093,0.2372093023255814,0.19534883720930232
668674,"Erceg, Lucas",67,0.4925373134328358,0.5074626865671642,0.13432835820895522,0.2537313432835821,0.11940298507462686,0.3880597014925373,0.3283582089552239,0.2835820895522388,0.2537313432835821,0.14925373134328357,0.08955223880597014,0.13432835820895522,0.17910447761194032,0.19402985074626866
642232,"Yarbrough, Ryan",60,0.4,0.6,0.26666666666666666,0.25,0.08333333333333333,0.48333333333333334,0.31666666666666665,0.2,0.23333333333333334,0.15,0.016666666666666666,0.25,0.16666666666666666,0.18333333333333335
687911,"King, Bryan",78,0.5,0.5,0.15384615384615385,0.2564102564102564,0.08974358974358974,0.4358974358974359,0.28205128205128205,0.28205128205128205,0.32051282051282054,0.11538461538461539,0.0641025641025641,0.11538461538461536,0.16666666666666666,0.21794871794871795
681347,"Burrows, Mike",197,0.3756345177664975,0.6243654822335025,0.27918781725888325,0.26903553299492383,0.07614213197969544,0.40609137055837563,0.3401015228426396,0.25380710659898476,0.19289340101522842,0.13705583756345177,0.04568527918781726,0.2131979695431472,0.20304568527918784,0.2081218274111675
805123,"Blubaugh, AJ",107,0.3364485981308411,0.6635514018691588,0.3644859813084112,0.21495327102803738,0.08411214953271028,0.3925233644859813,0.2803738317757009,0.32710280373831774,0.17757009345794392,0.08411214953271028,0.07476635514018691,0.21495327102803738,0.19626168224299062,0.2523364485981308
650556,"Abreu, Bryan",44,0.5,0.5,0.29545454545454547,0.18181818181818182,0.022727272727272728,0.5227272727272727,0.2727272727272727,0.20454545454545456,0.3181818181818182,0.1590909090909091,0.022727272727272728,0.20454545454545453,0.11363636363636362,0.18181818181818182
663947,"Holton, Tyler",79,0.4810126582278481,0.5189873417721519,0.189873417721519,0.27848101265822783,0.05063291139240506,0.46835443037974683,0.35443037974683544,0.17721518987341772,0.25316455696202533,0.20253164556962025,0.02531645569620253,0.2151898734177215,0.1518987341772152,0.1518987341772152
685299,"Gordon, Tanner",101,0.32673267326732675,0.6732673267326732,0.3564356435643564,0.24752475247524752,0.06930693069306931,0.45544554455445546,0.27722772277227725,0.26732673267326734,0.18811881188118812,0.0891089108910891,0.04950495049504951,0.26732673267326734,0.18811881188118815,0.21782178217821785
800048,"Messick, Parker",176,0.4318181818181818,0.5681818181818181,0.23295454545454544,0.25,0.08522727272727272,0.4090909090909091,0.30113636363636365,0.2897727272727273,0.2215909090909091,0.125,0.08522727272727272,0.18750000000000003,0.17613636363636365,0.20454545454545459
544150,"Suárez, Albert",66,0.25757575757575757,0.7424242424242424,0.3181818181818182,0.2878787878787879,0.13636363636363635,0.3484848484848485,0.3181818181818182,0.3333333333333333,0.13636363636363635,0.10606060606060606,0.015151515151515152,0.21212121212121215,0.2121212121212121,0.3181818181818182
669432,"Rogers, Trevor",163,0.3558282208588957,0.6441717791411044,0.2392638036809816,0.27607361963190186,0.12883435582822086,0.36809815950920244,0.39263803680981596,0.2392638036809816,0.17177914110429449,0.13496932515337423,0.049079754601226995,0.19631901840490795,0.25766871165644173,0.1901840490797546
663542,"Hudson, Bryan",73,0.5205479452054794,0.4794520547945205,0.2602739726027397,0.1917808219178082,0.0273972602739726,0.4246575342465753,0.3150684931506849,0.2602739726027397,0.3013698630136986,0.1643835616438356,0.0547945205479452,0.1232876712328767,0.1506849315068493,0.2054794520547945
691799,"Taylor, Grant",69,0.4057971014492754,0.5942028985507246,0.2898550724637681,0.2608695652173913,0.043478260869565216,0.2753623188405797,0.37681159420289856,0.34782608695652173,0.18840579710144928,0.14492753623188406,0.07246376811594203,0.08695652173913043,0.2318840579710145,0.2753623188405797
656794,"Newcomb, Sean",93,0.5698924731182796,0.43010752688172044,0.16129032258064516,0.21505376344086022,0.053763440860215055,0.34408602150537637,0.46236559139784944,0.1935483870967742,0.22580645161290322,0.2903225806451613,0.053763440860215055,0.11827956989247315,0.17204301075268813,0.13978494623655913
680732,"Burke, Sean",174,0.367816091954023,0.632183908045977,0.28160919540229884,0.25862068965517243,0.09195402298850575,0.3563218390804598,0.40804597701149425,0.23563218390804597,0.13793103448275862,0.1724137931034483,0.05747126436781609,0.21839080459770116,0.23563218390804597,0.1781609195402299
675989,"Bolton, Cody",58,0.3793103448275862,0.6206896551724137,0.29310344827586204,0.27586206896551724,0.05172413793103448,0.3448275862068966,0.43103448275862066,0.22413793103448276,0.15517241379310345,0.15517241379310345,0.06896551724137931,0.18965517241379312,0.27586206896551724,0.15517241379310345
687064,"Young, Brandon",138,0.36231884057971014,0.6376811594202899,0.2826086956521739,0.2463768115942029,0.10869565217391304,0.38405797101449274,0.41304347826086957,0.2028985507246377,0.18115942028985507,0.14492753623188406,0.036231884057971016,0.20289855072463767,0.2681159420289855,0.16666666666666669
554430,"Wheeler, Zack",114,0.4473684210526316,0.5526315789473684,0.24561403508771928,0.20175438596491227,0.10526315789473684,0.41228070175438597,0.2982456140350877,0.2894736842105263,0.24561403508771928,0.15789473684210525,0.043859649122807015,0.16666666666666669,0.14035087719298245,0.2456140350877193
669194,"Nelson, Ryne",204,0.29901960784313725,0.7009803921568627,0.4166666666666667,0.20588235294117646,0.0784313725490196,0.3333333333333333,0.3627450980392157,0.30392156862745096,0.1715686274509804,0.10784313725490197,0.0196078431372549,0.16176470588235292,0.2549019607843137,0.28431372549019607
837227,"Imai, Tatsuya",59,0.5254237288135594,0.47457627118644063,0.22033898305084745,0.1694915254237288,0.0847457627118644,0.3728813559322034,0.3389830508474576,0.288135593220339,0.22033898305084745,0.22033898305084745,0.0847457627118644,0.15254237288135594,0.11864406779661016,0.2033898305084746
656288,"Canning, Griffin",62,0.5,0.49999999999999994,0.22580645161290322,0.1935483870967742,0.08064516129032258,0.45161290322580644,0.3387096774193548,0.20967741935483872,0.2903225806451613,0.1774193548387097,0.03225806451612903,0.16129032258064513,0.16129032258064513,0.1774193548387097
607074,"Rodón, Carlos",47,0.5531914893617021,0.44680851063829785,0.2553191489361702,0.14893617021276595,0.0425531914893617,0.425531914893617,0.3829787234042553,0.19148936170212766,0.3191489361702128,0.14893617021276595,0.0851063829787234,0.10638297872340424,0.23404255319148937,0.10638297872340426
663687,"Harris, Hogan",74,0.527027027027027,0.47297297297297297,0.1891891891891892,0.14864864864864866,0.13513513513513514,0.2972972972972973,0.40540540540540543,0.2972972972972973,0.1891891891891892,0.2702702702702703,0.06756756756756757,0.10810810810810811,0.13513513513513514,0.22972972972972974
605488,"Springs, Jeffrey",198,0.35353535353535354,0.6464646464646464,0.3181818181818182,0.2474747474747475,0.08080808080808081,0.37373737373737376,0.3787878787878788,0.2474747474747475,0.16161616161616163,0.1414141414141414,0.050505050505050504,0.21212121212121213,0.23737373737373738,0.196969696969697
670990,"Ramírez, Yohan",85,0.4823529411764706,0.5176470588235293,0.21176470588235294,0.25882352941176473,0.047058823529411764,0.38823529411764707,0.4117647058823529,0.2,0.21176470588235294,0.2235294117647059,0.047058823529411764,0.17647058823529413,0.18823529411764703,0.15294117647058825
681895,"Sisk, Evan",57,0.38596491228070173,0.6140350877192982,0.19298245614035087,0.24561403508771928,0.17543859649122806,0.3157894736842105,0.47368421052631576,0.21052631578947367,0.19298245614035087,0.12280701754385964,0.07017543859649122,0.12280701754385964,0.3508771929824561,0.14035087719298245
696149,"Chandler, Bubba",146,0.3424657534246575,0.6575342465753424,0.3082191780821918,0.22602739726027396,0.1232876712328767,0.3287671232876712,0.3904109589041096,0.2808219178082192,0.1643835616438356,0.15753424657534246,0.02054794520547945,0.1643835616438356,0.23287671232876714,0.26027397260273977
643377,"Jax, Griffin",86,0.5348837209302325,0.46511627906976744,0.23255813953488372,0.1744186046511628,0.05813953488372093,0.3953488372093023,0.3488372093023256,0.2558139534883721,0.27906976744186046,0.18604651162790697,0.06976744186046512,0.11627906976744184,0.16279069767441862,0.18604651162790697
607259,"Martinez, Nick",214,0.4158878504672897,0.5841121495327103,0.26635514018691586,0.24299065420560748,0.07476635514018691,0.4485981308411215,0.3364485981308411,0.21495327102803738,0.26635514018691586,0.11214953271028037,0.037383177570093455,0.18224299065420563,0.22429906542056072,0.17757009345794392
693855,"Seymour, Ian",78,0.3717948717948718,0.6282051282051282,0.2948717948717949,0.24358974358974358,0.08974358974358974,0.44871794871794873,0.38461538461538464,0.16666666666666666,0.20512820512820512,0.1282051282051282,0.038461538461538464,0.2435897435897436,0.25641025641025644,0.1282051282051282
660825,"Bazardo, Eduard",75,0.32,0.68,0.29333333333333333,0.29333333333333333,0.09333333333333334,0.29333333333333333,0.4533333333333333,0.25333333333333335,0.13333333333333333,0.14666666666666667,0.04,0.16,0.30666666666666664,0.21333333333333335
693433,"Woo, Bryan",195,0.35384615384615387,0.6461538461538462,0.3282051282051282,0.2153846153846154,0.10256410256410256,0.37435897435897436,0.3384615384615385,0.28717948717948716,0.21025641025641026,0.1076923076923077,0.035897435897435895,0.1641025641025641,0.23076923076923078,0.2512820512820513
650644,"Civale, Aaron",188,0.2925531914893617,0.7074468085106383,0.3351063829787234,0.2712765957446808,0.10106382978723404,0.44148936170212766,0.324468085106383,0.23404255319148937,0.1595744680851064,0.10638297872340426,0.026595744680851064,0.28191489361702127,0.21808510638297873,0.2074468085106383
669302,"Gilbert, Logan",188,0.3723404255319149,0.6276595744680851,0.2978723404255319,0.25,0.0797872340425532,0.4627659574468085,0.3670212765957447,0.1702127659574468,0.21808510638297873,0.13297872340425532,0.02127659574468085,0.24468085106382975,0.23404255319148937,0.14893617021276595
676534,"Faucher, Calvin",57,0.5614035087719298,0.43859649122807015,0.21052631578947367,0.22807017543859648,0,0.3333333333333333,0.3684210526315789,0.2982456140350877,0.2631578947368421,0.19298245614035087,0.10526315789473684,0.07017543859649122,0.17543859649122806,0.19298245614035087
645261,"Alcantara, Sandy",245,0.46122448979591835,0.5387755102040817,0.2571428571428571,0.21224489795918366,0.06938775510204082,0.363265306122449,0.363265306122449,0.27346938775510204,0.20408163265306123,0.17551020408163265,0.08163265306122448,0.15918367346938778,0.18775510204081636,0.19183673469387758
695243,"Miller, Mason",36,0.6111111111111112,0.3888888888888889,0.2222222222222222,0.1388888888888889,0.027777777777777776,0.4166666666666667,0.16666666666666666,0.4166666666666667,0.3611111111111111,0.1111111111111111,0.1388888888888889,0.05555555555555558,0.05555555555555555,0.2777777777777778
642528,"Loáisiga, Jonathan",66,0.4696969696969697,0.5303030303030303,0.25757575757575757,0.19696969696969696,0.07575757575757576,0.3484848484848485,0.3939393939393939,0.25757575757575757,0.18181818181818182,0.21212121212121213,0.07575757575757576,0.16666666666666669,0.1818181818181818,0.18181818181818182
593958,"Rodriguez, Eduardo",198,0.42424242424242425,0.5757575757575757,0.26262626262626265,0.2676767676767677,0.045454545454545456,0.3838383838383838,0.3484848484848485,0.2676767676767677,0.20202020202020202,0.16161616161616163,0.06060606060606061,0.1818181818181818,0.18686868686868688,0.20707070707070707
623149,"Sewald, Paul",50,0.12,0.8800000000000001,0.54,0.16,0.18,0.34,0.42,0.24,0.04,0.06,0.02,0.30000000000000004,0.36,0.22
656464,"Ginkel, Kevin",59,0.4915254237288136,0.5084745762711864,0.23728813559322035,0.1864406779661017,0.0847457627118644,0.4915254237288136,0.288135593220339,0.22033898305084745,0.3389830508474576,0.11864406779661017,0.03389830508474576,0.15254237288135597,0.1694915254237288,0.1864406779661017
664199,"Clarke, Taylor",75,0.5466666666666666,0.4533333333333333,0.21333333333333335,0.14666666666666667,0.09333333333333334,0.44,0.32,0.24,0.28,0.2,0.06666666666666667,0.15999999999999998,0.12,0.17333333333333334
687075,"Sproat, Brandon",133,0.42105263157894735,0.5789473684210525,0.3233082706766917,0.21052631578947367,0.045112781954887216,0.3458646616541353,0.41353383458646614,0.24060150375939848,0.19548872180451127,0.17293233082706766,0.05263157894736842,0.15037593984962405,0.24060150375939848,0.18796992481203006
682842,"Uribe, Abner",55,0.4727272727272727,0.5272727272727272,0.16363636363636364,0.2727272727272727,0.09090909090909091,0.43636363636363634,0.3090909090909091,0.2545454545454545,0.3090909090909091,0.14545454545454545,0.01818181818181818,0.12727272727272726,0.16363636363636364,0.23636363636363633
665871,"Assad, Javier",87,0.4367816091954023,0.5632183908045977,0.27586206896551724,0.21839080459770116,0.06896551724137931,0.2988505747126437,0.45977011494252873,0.2413793103448276,0.1724137931034483,0.21839080459770116,0.04597701149425287,0.12643678160919541,0.24137931034482757,0.19540229885057472
669330,"Wells, Tyler",73,0.273972602739726,0.726027397260274,0.3013698630136986,0.2465753424657534,0.1780821917808219,0.3972602739726027,0.410958904109589,0.1917808219178082,0.1232876712328767,0.1232876712328767,0.0273972602739726,0.273972602739726,0.2876712328767123,0.1643835616438356
669358,"Baz, Shane",193,0.37823834196891193,0.6217616580310881,0.23834196891191708,0.30569948186528495,0.07772020725388601,0.33678756476683935,0.35751295336787564,0.30569948186528495,0.17616580310880828,0.16580310880829016,0.03626943005181347,0.16062176165803108,0.19170984455958548,0.26943005181347146
668678,"Gallen, Zac",199,0.48743718592964824,0.5125628140703518,0.271356783919598,0.21608040201005024,0.02512562814070352,0.4623115577889447,0.3316582914572864,0.20603015075376885,0.271356783919598,0.1507537688442211,0.06532663316582915,0.19095477386934673,0.18090452261306533,0.1407035175879397
700249,"Povich, Cade",62,0.41935483870967744,0.5806451612903226,0.3225806451612903,0.1774193548387097,0.08064516129032258,0.3709677419354839,0.3387096774193548,0.2903225806451613,0.22580645161290322,0.1774193548387097,0.016129032258064516,0.14516129032258066,0.16129032258064513,0.2741935483870968
657277,"Webb, Logan",158,0.5822784810126582,0.4177215189873418,0.13924050632911392,0.25949367088607594,0.0189873417721519,0.37341772151898733,0.41139240506329117,0.21518987341772153,0.2848101265822785,0.22784810126582278,0.06962025316455696,0.08860759493670883,0.1835443037974684,0.14556962025316456
682227,"Williamson, Brandon",86,0.3372093023255814,0.6627906976744186,0.32558139534883723,0.23255813953488372,0.10465116279069768,0.36046511627906974,0.4069767441860465,0.23255813953488372,0.12790697674418605,0.1511627906976744,0.05813953488372093,0.2325581395348837,0.2558139534883721,0.1744186046511628
621366,"Borucki, Ryan",78,0.44871794871794873,0.5512820512820513,0.2948717948717949,0.19230769230769232,0.0641025641025641,0.44871794871794873,0.3333333333333333,0.21794871794871795,0.24358974358974358,0.14102564102564102,0.0641025641025641,0.20512820512820515,0.1923076923076923,0.15384615384615385
675848,"Mejia, Juan",75,0.38666666666666666,0.6133333333333333,0.32,0.21333333333333335,0.08,0.26666666666666666,0.38666666666666666,0.3466666666666667,0.16,0.14666666666666667,0.08,0.10666666666666666,0.24,0.26666666666666666
608718,"Suter, Brent",91,0.4945054945054945,0.5054945054945055,0.18681318681318682,0.23076923076923078,0.08791208791208792,0.38461538461538464,0.3516483516483517,0.26373626373626374,0.23076923076923078,0.17582417582417584,0.08791208791208792,0.15384615384615385,0.17582417582417584,0.1758241758241758
666171,"Zeferjahn, Ryan",63,0.4444444444444444,0.5555555555555556,0.2698412698412698,0.1746031746031746,0.1111111111111111,0.38095238095238093,0.4126984126984127,0.20634920634920634,0.2222222222222222,0.19047619047619047,0.031746031746031744,0.15873015873015872,0.2222222222222222,0.1746031746031746
667755,"Soriano, José",179,0.5139664804469274,0.4860335195530726,0.2681564245810056,0.18994413407821228,0.027932960893854747,0.4245810055865922,0.4134078212290503,0.16201117318435754,0.2737430167597765,0.2122905027932961,0.027932960893854747,0.15083798882681565,0.2011173184357542,0.1340782122905028
519141,"Pomeranz, Drew",54,0.25925925925925924,0.7407407407407407,0.25925925925925924,0.25925925925925924,0.2222222222222222,0.25925925925925924,0.4074074074074074,0.3333333333333333,0.07407407407407407,0.18518518518518517,0,0.18518518518518517,0.2222222222222222,0.3333333333333333
608372,"Sugano, Tomoyuki",194,0.4020618556701031,0.5979381443298969,0.29896907216494845,0.25773195876288657,0.041237113402061855,0.37628865979381443,0.3711340206185567,0.25257731958762886,0.1958762886597938,0.14948453608247422,0.05670103092783505,0.18041237113402062,0.2216494845360825,0.1958762886597938
607536,"Freeland, Kyle",144,0.3819444444444444,0.6180555555555556,0.2916666666666667,0.2777777777777778,0.04861111111111111,0.4097222222222222,0.4097222222222222,0.18055555555555555,0.2013888888888889,0.1527777777777778,0.027777777777777776,0.20833333333333331,0.2569444444444444,0.1527777777777778
686790,"McDonald, Trevor",84,0.6071428571428571,0.39285714285714285,0.09523809523809523,0.25,0.047619047619047616,0.38095238095238093,0.40476190476190477,0.21428571428571427,0.30952380952380953,0.2261904761904762,0.07142857142857142,0.0714285714285714,0.17857142857142858,0.14285714285714285
543135,"Eovaldi, Nathan",195,0.5076923076923077,0.4923076923076923,0.26153846153846155,0.1794871794871795,0.05128205128205128,0.48205128205128206,0.35384615384615387,0.1641025641025641,0.31794871794871793,0.1641025641025641,0.02564102564102564,0.16410256410256413,0.18974358974358976,0.13846153846153847
656641,"Latz, Jacob",63,0.4126984126984127,0.5873015873015872,0.31746031746031744,0.12698412698412698,0.14285714285714285,0.4126984126984127,0.3492063492063492,0.23809523809523808,0.20634920634920634,0.15873015873015872,0.047619047619047616,0.20634920634920634,0.19047619047619047,0.19047619047619047
596001,"Junis, Jakob",73,0.4383561643835616,0.5616438356164384,0.273972602739726,0.2328767123287671,0.0547945205479452,0.4657534246575342,0.3424657534246575,0.1917808219178082,0.273972602739726,0.136986301369863,0.0273972602739726,0.1917808219178082,0.2054794520547945,0.1643835616438356
656222,"Beeks, Jalen",70,0.45714285714285713,0.5428571428571428,0.3142857142857143,0.18571428571428572,0.04285714285714286,0.44285714285714284,0.35714285714285715,0.2,0.2571428571428571,0.14285714285714285,0.05714285714285714,0.18571428571428572,0.2142857142857143,0.14285714285714288
640455,"Manaea, Sean",103,0.36893203883495146,0.6310679611650485,0.24271844660194175,0.2912621359223301,0.0970873786407767,0.4077669902912621,0.3106796116504854,0.2815533980582524,0.13592233009708737,0.18446601941747573,0.04854368932038835,0.27184466019417475,0.12621359223300968,0.23300970873786406
548384,"Raley, Brooks",55,0.36363636363636365,0.6363636363636362,0.2545454545454545,0.2545454545454545,0.12727272727272726,0.34545454545454546,0.4909090909090909,0.16363636363636364,0.14545454545454545,0.2,0.01818181818181818,0.2,0.2909090909090909,0.14545454545454545
596133,"Weaver, Luke",68,0.45588235294117646,0.5441176470588235,0.2647058823529412,0.17647058823529413,0.10294117647058823,0.39705882352941174,0.38235294117647056,0.22058823529411764,0.25,0.17647058823529413,0.029411764705882353,0.14705882352941174,0.20588235294117643,0.19117647058823528
642547,"Peralta, Freddy",187,0.42780748663101603,0.572192513368984,0.26737967914438504,0.23529411764705882,0.06951871657754011,0.39037433155080214,0.3582887700534759,0.25133689839572193,0.22459893048128343,0.16042780748663102,0.0427807486631016,0.1657754010695187,0.1978609625668449,0.20855614973262032
690997,"McLean, Nolan",152,0.4473684210526316,0.5526315789473684,0.2236842105263158,0.2565789473684211,0.07236842105263158,0.3881578947368421,0.3157894736842105,0.29605263157894735,0.21710526315789475,0.19736842105263158,0.03289473684210526,0.17105263157894735,0.11842105263157893,0.2631578947368421
673540,"Senga, Kodai",60,0.31666666666666665,0.6833333333333333,0.31666666666666665,0.31666666666666665,0.05,0.4166666666666667,0.35,0.23333333333333334,0.16666666666666666,0.15,0,0.25,0.19999999999999998,0.23333333333333334
660853,"De Los Santos, Enyel",68,0.3382352941176471,0.6617647058823529,0.3382352941176471,0.23529411764705882,0.08823529411764706,0.45588235294117646,0.3235294117647059,0.22058823529411764,0.20588235294117646,0.11764705882352941,0.014705882352941176,0.25,0.2058823529411765,0.20588235294117646
663567,"Lambert, Peter",122,0.4180327868852459,0.5819672131147542,0.29508196721311475,0.23770491803278687,0.04918032786885246,0.3442622950819672,0.3442622950819672,0.3114754098360656,0.19672131147540983,0.1557377049180328,0.06557377049180328,0.14754098360655737,0.1885245901639344,0.2459016393442623
622554,"Domínguez, Seranthony",56,0.39285714285714285,0.6071428571428571,0.23214285714285715,0.26785714285714285,0.10714285714285714,0.4107142857142857,0.35714285714285715,0.23214285714285715,0.23214285714285715,0.10714285714285714,0.05357142857142857,0.17857142857142855,0.25,0.17857142857142858
674370,"Bido, Osvaldo",56,0.32142857142857145,0.6785714285714286,0.32142857142857145,0.2857142857142857,0.07142857142857142,0.39285714285714285,0.35714285714285715,0.25,0.17857142857142858,0.08928571428571429,0.05357142857142857,0.21428571428571427,0.26785714285714285,0.19642857142857142
702273,"Schultz, Noah",109,0.3669724770642202,0.6330275229357798,0.25688073394495414,0.25688073394495414,0.11926605504587157,0.3944954128440367,0.3394495412844037,0.26605504587155965,0.1926605504587156,0.12844036697247707,0.045871559633027525,0.2018348623853211,0.21100917431192662,0.22018348623853212
702275,"Ritchie, JR",74,0.4864864864864865,0.5135135135135136,0.25675675675675674,0.22972972972972974,0.02702702702702703,0.44594594594594594,0.32432432432432434,0.22972972972972974,0.25675675675675674,0.13513513513513514,0.0945945945945946,0.1891891891891892,0.1891891891891892,0.13513513513513514
663158,"Suarez, Robert",68,0.45588235294117646,0.5441176470588235,0.25,0.20588235294117646,0.08823529411764706,0.36764705882352944,0.3088235294117647,0.3235294117647059,0.22058823529411764,0.16176470588235295,0.07352941176470588,0.1470588235294118,0.14705882352941177,0.25
676571,"Poulin, PJ",72,0.4861111111111111,0.513888888888889,0.2916666666666667,0.125,0.09722222222222222,0.4444444444444444,0.2916666666666667,0.2638888888888889,0.2222222222222222,0.1527777777777778,0.1111111111111111,0.2222222222222222,0.1388888888888889,0.1527777777777778
571945,"Mikolas, Miles",174,0.47126436781609193,0.5287356321839081,0.27011494252873564,0.19540229885057472,0.06321839080459771,0.40229885057471265,0.3563218390804598,0.2413793103448276,0.21839080459770116,0.1839080459770115,0.06896551724137931,0.1839080459770115,0.1724137931034483,0.1724137931034483
643511,"Rogers, Tyler",84,0.6547619047619048,0.34523809523809523,0.10714285714285714,0.19047619047619047,0.047619047619047616,0.23809523809523808,0.35714285714285715,0.40476190476190477,0.16666666666666666,0.25,0.23809523809523808,0.07142857142857142,0.10714285714285715,0.16666666666666669
670059,"Holderman, Colin",49,0.4897959183673469,0.5102040816326531,0.1836734693877551,0.22448979591836735,0.10204081632653061,0.2653061224489796,0.5102040816326531,0.22448979591836735,0.12244897959183673,0.3469387755102041,0.02040816326530612,0.14285714285714288,0.163265306122449,0.20408163265306123
677944,"Cecconi, Slade",199,0.45226130653266333,0.5477386934673367,0.2663316582914573,0.22110552763819097,0.06030150753768844,0.37185929648241206,0.4120603015075377,0.21608040201005024,0.21105527638190955,0.20100502512562815,0.04020100502512563,0.16080402010050251,0.21105527638190955,0.1758793969849246
676282,"Cantillo, Joey",161,0.4472049689440994,0.5527950310559007,0.30434782608695654,0.18012422360248448,0.06832298136645963,0.39751552795031053,0.33540372670807456,0.2670807453416149,0.2236024844720497,0.15527950310559005,0.06832298136645963,0.17391304347826084,0.1801242236024845,0.19875776397515527
681892,"Funderburk, Kody",51,0.5490196078431373,0.45098039215686275,0.17647058823529413,0.19607843137254902,0.0784313725490196,0.35294117647058826,0.37254901960784315,0.27450980392156865,0.23529411764705882,0.23529411764705882,0.0784313725490196,0.11764705882352944,0.13725490196078433,0.19607843137254904
668941,"Romero, JoJo",73,0.5068493150684932,0.4931506849315068,0.2054794520547945,0.2465753424657534,0.0410958904109589,0.3561643835616438,0.4520547945205479,0.1917808219178082,0.1917808219178082,0.273972602739726,0.0410958904109589,0.1643835616438356,0.1780821917808219,0.1506849315068493
592773,"Stanek, Ryne",57,0.3508771929824561,0.6491228070175439,0.22807017543859648,0.3333333333333333,0.08771929824561403,0.40350877192982454,0.2982456140350877,0.2982456140350877,0.19298245614035087,0.10526315789473684,0.05263157894736842,0.21052631578947367,0.19298245614035087,0.24561403508771928
660271,"Ohtani, Shohei",131,0.5038167938931297,0.4961832061068702,0.22137404580152673,0.16793893129770993,0.10687022900763359,0.35877862595419846,0.4122137404580153,0.22900763358778625,0.22137404580152673,0.22137404580152673,0.061068702290076333,0.13740458015267173,0.19083969465648856,0.16793893129770993
607192,"Glasnow, Tyler",86,0.45348837209302323,0.5465116279069767,0.2558139534883721,0.22093023255813954,0.06976744186046512,0.4186046511627907,0.36046511627906974,0.22093023255813954,0.2441860465116279,0.16279069767441862,0.046511627906976744,0.17441860465116282,0.19767441860465113,0.1744186046511628
681517,"Leahy, Kyle",177,0.4632768361581921,0.536723163841808,0.23163841807909605,0.2711864406779661,0.03389830508474576,0.384180790960452,0.4067796610169492,0.20903954802259886,0.21468926553672316,0.1694915254237288,0.07909604519774012,0.16949152542372883,0.23728813559322037,0.12994350282485873
641835,"Mayza, Tim",75,0.52,0.48,0.24,0.22666666666666666,0.013333333333333334,0.28,0.4533333333333333,0.26666666666666666,0.13333333333333333,0.32,0.06666666666666667,0.1466666666666667,0.1333333333333333,0.2
621383,"Banks, Tanner",66,0.36363636363636365,0.6363636363636362,0.25757575757575757,0.3181818181818182,0.06060606060606061,0.30303030303030304,0.3787878787878788,0.3181818181818182,0.12121212121212122,0.16666666666666666,0.07575757575757576,0.18181818181818182,0.21212121212121213,0.24242424242424243
702070,"Cameron, Noah",165,0.3696969696969697,0.6303030303030303,0.2545454545454545,0.2909090909090909,0.08484848484848485,0.4666666666666667,0.3393939393939394,0.19393939393939394,0.2606060606060606,0.08484848484848485,0.024242424242424242,0.20606060606060606,0.2545454545454546,0.1696969696969697
687570,"Prielipp, Connor",94,0.39361702127659576,0.6063829787234043,0.2872340425531915,0.2127659574468085,0.10638297872340426,0.2978723404255319,0.39361702127659576,0.30851063829787234,0.1702127659574468,0.1595744680851064,0.06382978723404255,0.1276595744680851,0.23404255319148937,0.2446808510638298
663460,"Bubic, Kris",129,0.4573643410852713,0.5426356589147286,0.27906976744186046,0.2248062015503876,0.03875968992248062,0.43410852713178294,0.3798449612403101,0.18604651162790697,0.2558139534883721,0.13953488372093023,0.06201550387596899,0.17829457364341084,0.24031007751937986,0.12403100775193798
663554,"Mize, Casey",123,0.35772357723577236,0.6422764227642277,0.3089430894308943,0.22764227642276422,0.10569105691056911,0.44715447154471544,0.3170731707317073,0.23577235772357724,0.1951219512195122,0.13008130081300814,0.032520325203252036,0.25203252032520324,0.18699186991869918,0.2032520325203252
669373,"Skubal, Tarik",114,0.4824561403508772,0.5175438596491229,0.22807017543859648,0.2543859649122807,0.03508771929824561,0.37719298245614036,0.41228070175438597,0.21052631578947367,0.21929824561403508,0.21929824561403508,0.043859649122807015,0.15789473684210528,0.1929824561403509,0.16666666666666666
672456,"Montero, Keider",167,0.33532934131736525,0.6646706586826348,0.30538922155688625,0.2215568862275449,0.1377245508982036,0.38922155688622756,0.3532934131736527,0.25748502994011974,0.16766467065868262,0.12574850299401197,0.041916167664670656,0.22155688622754494,0.22754491017964074,0.21556886227544908
664285,"Valdez, Framber",211,0.4834123222748815,0.5165876777251185,0.26066350710900477,0.23222748815165878,0.023696682464454975,0.4786729857819905,0.2985781990521327,0.22274881516587677,0.26540284360189575,0.16113744075829384,0.05687203791469194,0.21327014218009477,0.13744075829383884,0.16587677725118483
605400,"Nola, Aaron",171,0.42105263157894735,0.5789473684210527,0.2222222222222222,0.27485380116959063,0.08187134502923976,0.4444444444444444,0.3684210526315789,0.1871345029239766,0.2222222222222222,0.16374269005847952,0.03508771929824561,0.2222222222222222,0.2046783625730994,0.15204678362573099
679883,"Avila, Luinder",63,0.47619047619047616,0.5238095238095237,0.2698412698412698,0.2222222222222222,0.031746031746031744,0.3333333333333333,0.42857142857142855,0.23809523809523808,0.20634920634920634,0.2222222222222222,0.047619047619047616,0.12698412698412698,0.20634920634920634,0.19047619047619047
663568,"Kolek, Stephen",95,0.4842105263157895,0.5157894736842106,0.24210526315789474,0.22105263157894736,0.05263157894736842,0.45263157894736844,0.3473684210526316,0.2,0.29473684210526313,0.14736842105263157,0.042105263157894736,0.1578947368421053,0.20000000000000004,0.15789473684210528
663992,"Lovelady, Richard",70,0.5,0.5,0.2,0.2571428571428571,0.04285714285714286,0.32857142857142857,0.4857142857142857,0.18571428571428572,0.21428571428571427,0.2,0.08571428571428572,0.1142857142857143,0.2857142857142857,0.1
669276,"Lee, Dylan",63,0.3333333333333333,0.6666666666666667,0.31746031746031744,0.23809523809523808,0.1111111111111111,0.49206349206349204,0.31746031746031744,0.19047619047619047,0.2222222222222222,0.09523809523809523,0.015873015873015872,0.2698412698412698,0.2222222222222222,0.1746031746031746
641755,"Kinley, Tyler",69,0.3188405797101449,0.6811594202898551,0.30434782608695654,0.2318840579710145,0.14492753623188406,0.5362318840579711,0.2318840579710145,0.2318840579710145,0.17391304347826086,0.08695652173913043,0.057971014492753624,0.3623188405797102,0.14492753623188406,0.17391304347826086
641793,"Littell, Zack",187,0.33689839572192515,0.6631016042780749,0.39037433155080214,0.18716577540106952,0.0855614973262032,0.40106951871657753,0.37433155080213903,0.22459893048128343,0.19786096256684493,0.11764705882352941,0.0213903743315508,0.2032085561497326,0.25668449197860965,0.20320855614973263
693821,"Elder, Bryce",208,0.4519230769230769,0.5480769230769231,0.2644230769230769,0.23076923076923078,0.052884615384615384,0.3942307692307692,0.3317307692307692,0.27403846153846156,0.21634615384615385,0.1778846153846154,0.057692307692307696,0.17788461538461536,0.15384615384615383,0.21634615384615385
695418,"Lord, Brad",109,0.5412844036697247,0.45871559633027525,0.2018348623853211,0.1926605504587156,0.06422018348623854,0.3577981651376147,0.4036697247706422,0.23853211009174313,0.21100917431192662,0.24770642201834864,0.08256880733944955,0.14678899082568808,0.1559633027522936,0.1559633027522936
664141,"Brubaker, JT",83,0.3855421686746988,0.6144578313253012,0.26506024096385544,0.2891566265060241,0.060240963855421686,0.42168674698795183,0.40963855421686746,0.1686746987951807,0.1927710843373494,0.18072289156626506,0.012048192771084338,0.22891566265060243,0.2289156626506024,0.15662650602409636
668873,"Kilian, Caleb",63,0.3968253968253968,0.6031746031746031,0.31746031746031744,0.19047619047619047,0.09523809523809523,0.3968253968253968,0.36507936507936506,0.23809523809523808,0.1746031746031746,0.19047619047619047,0.031746031746031744,0.2222222222222222,0.1746031746031746,0.20634920634920634
663558,"Morán, Jovani",72,0.3472222222222222,0.6527777777777778,0.3888888888888889,0.19444444444444445,0.06944444444444445,0.3333333333333333,0.3888888888888889,0.2777777777777778,0.1388888888888889,0.1388888888888889,0.06944444444444445,0.19444444444444442,0.25,0.20833333333333334
667297,"Nance, Tommy",52,0.5,0.5,0.19230769230769232,0.25,0.057692307692307696,0.3269230769230769,0.40384615384615385,0.2692307692307692,0.19230769230769232,0.25,0.057692307692307696,0.1346153846153846,0.15384615384615385,0.2115384615384615
669711,"Weissert, Greg",68,0.4411764705882353,0.5588235294117646,0.29411764705882354,0.22058823529411764,0.04411764705882353,0.36764705882352944,0.39705882352941174,0.23529411764705882,0.20588235294117646,0.17647058823529413,0.058823529411764705,0.16176470588235298,0.2205882352941176,0.1764705882352941
670245,"Watson, Ryan",106,0.37735849056603776,0.6226415094339622,0.24528301886792453,0.29245283018867924,0.08490566037735849,0.41509433962264153,0.330188679245283,0.25471698113207547,0.2169811320754717,0.10377358490566038,0.05660377358490566,0.19811320754716982,0.22641509433962262,0.19811320754716982
689254,"Fluharty, Mason",55,0.34545454545454546,0.6545454545454545,0.3090909090909091,0.23636363636363636,0.10909090909090909,0.2545454545454545,0.5636363636363636,0.18181818181818182,0.12727272727272726,0.2,0.01818181818181818,0.12727272727272726,0.3636363636363636,0.16363636363636364
682120,"Herrin, Tim",57,0.42105263157894735,0.5789473684210527,0.24561403508771928,0.17543859649122806,0.15789473684210525,0.42105263157894735,0.3333333333333333,0.24561403508771928,0.21052631578947367,0.15789473684210525,0.05263157894736842,0.21052631578947367,0.17543859649122806,0.19298245614035087
671922,"Smith, Cade",62,0.3870967741935484,0.6129032258064516,0.2903225806451613,0.24193548387096775,0.08064516129032258,0.3709677419354839,0.3870967741935484,0.24193548387096775,0.24193548387096775,0.0967741935483871,0.04838709677419355,0.12903225806451613,0.29032258064516125,0.1935483870967742
608331,"Fried, Max",169,0.4911242603550296,0.5088757396449703,0.23668639053254437,0.1893491124260355,0.08284023668639054,0.2958579881656805,0.40828402366863903,0.2958579881656805,0.21301775147928995,0.20118343195266272,0.07692307692307693,0.08284023668639054,0.2071005917159763,0.21893491124260356
666808,"Doval, Camilo",66,0.5606060606060606,0.4393939393939394,0.18181818181818182,0.18181818181818182,0.07575757575757576,0.4090909090909091,0.3181818181818182,0.2727272727272727,0.25757575757575757,0.24242424242424243,0.06060606060606061,0.15151515151515155,0.07575757575757575,0.2121212121212121
687396,"Headrick, Brent",78,0.3717948717948718,0.6282051282051282,0.2692307692307692,0.28205128205128205,0.07692307692307693,0.3717948717948718,0.3717948717948718,0.2564102564102564,0.16666666666666666,0.15384615384615385,0.05128205128205128,0.20512820512820515,0.21794871794871795,0.20512820512820512
665622,"Medina, Luis",64,0.375,0.625,0.3125,0.234375,0.078125,0.375,0.34375,0.28125,0.1875,0.125,0.0625,0.1875,0.21875,0.21875
605130,"Barlow, Scott",69,0.37681159420289856,0.6231884057971014,0.3333333333333333,0.18840579710144928,0.10144927536231885,0.43478260869565216,0.34782608695652173,0.21739130434782608,0.2318840579710145,0.10144927536231885,0.043478260869565216,0.20289855072463767,0.24637681159420288,0.17391304347826086
641302,"Alexander, Tyler",80,0.55,0.45,0.25,0.15,0.05,0.45,0.3,0.25,0.3625,0.1125,0.075,0.08750000000000002,0.1875,0.175
669270,"Kuhnel, Joel",77,0.5194805194805194,0.48051948051948057,0.15584415584415584,0.23376623376623376,0.09090909090909091,0.44155844155844154,0.37662337662337664,0.18181818181818182,0.2727272727272727,0.2077922077922078,0.03896103896103896,0.16883116883116883,0.16883116883116883,0.14285714285714285
677958,"Rocker, Kumar",169,0.5029585798816568,0.49704142011834324,0.22485207100591717,0.22485207100591717,0.047337278106508875,0.3727810650887574,0.4260355029585799,0.20118343195266272,0.26627218934911245,0.20118343195266272,0.03550295857988166,0.10650887573964496,0.22485207100591717,0.16568047337278108
642701,"Santana, Dennis",75,0.30666666666666664,0.6933333333333334,0.30666666666666664,0.29333333333333333,0.09333333333333334,0.5066666666666667,0.30666666666666664,0.18666666666666668,0.18666666666666668,0.06666666666666667,0.05333333333333334,0.32000000000000006,0.24,0.13333333333333333
573124,"Rogers, Taylor",72,0.3194444444444444,0.6805555555555555,0.3333333333333333,0.3055555555555556,0.041666666666666664,0.4027777777777778,0.3194444444444444,0.2777777777777778,0.125,0.125,0.06944444444444445,0.2777777777777778,0.19444444444444442,0.20833333333333334
679358,"Orze, Eric",80,0.4125,0.5875,0.1375,0.3375,0.1125,0.4625,0.35,0.1875,0.2,0.175,0.0375,0.2625,0.175,0.15
680573,"Woods Richardson, Simeon",174,0.40804597701149425,0.5919540229885059,0.28160919540229884,0.22413793103448276,0.08620689655172414,0.3735632183908046,0.367816091954023,0.25862068965517243,0.20689655172413793,0.14942528735632185,0.05172413793103448,0.16666666666666666,0.21839080459770113,0.20689655172413796
572955,"Johnson, Pierce",64,0.3125,0.6875,0.328125,0.296875,0.0625,0.390625,0.296875,0.3125,0.234375,0.046875,0.03125,0.15625,0.25,0.28125
571927,"Matz, Steven",131,0.3435114503816794,0.6564885496183206,0.2824427480916031,0.3053435114503817,0.06870229007633588,0.29770992366412213,0.4122137404580153,0.2900763358778626,0.17557251908396945,0.13740458015267176,0.030534351145038167,0.12213740458015268,0.2748091603053435,0.2595419847328244
594580,"Moll, Sam",61,0.5901639344262295,0.40983606557377045,0.16393442622950818,0.16393442622950818,0.08196721311475409,0.29508196721311475,0.47540983606557374,0.22950819672131148,0.21311475409836064,0.32786885245901637,0.04918032786885246,0.0819672131147541,0.14754098360655737,0.18032786885245902
672782,"Gómez, Yoendrys",73,0.2602739726027397,0.7397260273972601,0.3835616438356164,0.2054794520547945,0.1506849315068493,0.4931506849315068,0.1917808219178082,0.3150684931506849,0.1780821917808219,0.0410958904109589,0.0410958904109589,0.3150684931506849,0.1506849315068493,0.273972602739726
676106,"Hancock, Emerson",170,0.43529411764705883,0.5647058823529413,0.25882352941176473,0.2235294117647059,0.08235294117647059,0.3764705882352941,0.3941176470588235,0.22941176470588234,0.23529411764705882,0.1588235294117647,0.041176470588235294,0.1411764705882353,0.23529411764705882,0.18823529411764706
694335,"Svanson, Matt",84,0.44047619047619047,0.5595238095238095,0.25,0.2261904761904762,0.08333333333333333,0.34523809523809523,0.34523809523809523,0.30952380952380953,0.20238095238095238,0.13095238095238096,0.10714285714285714,0.14285714285714285,0.21428571428571427,0.20238095238095238
700241,"McGreevy, Michael",181,0.46408839779005523,0.5359116022099447,0.2596685082872928,0.23756906077348067,0.03867403314917127,0.3259668508287293,0.44751381215469616,0.2265193370165746,0.18232044198895028,0.2154696132596685,0.06629834254143646,0.143646408839779,0.23204419889502764,0.16022099447513813
662253,"Muñoz, Andrés",54,0.42592592592592593,0.5740740740740741,0.2222222222222222,0.25925925925925924,0.09259259259259259,0.3333333333333333,0.3888888888888889,0.2777777777777778,0.24074074074074073,0.1111111111111111,0.07407407407407407,0.09259259259259259,0.2777777777777778,0.20370370370370372
666277,"Soriano, George",64,0.46875,0.53125,0.28125,0.15625,0.09375,0.4375,0.375,0.1875,0.265625,0.171875,0.03125,0.171875,0.203125,0.15625
669467,"Pallante, Andre",181,0.5303867403314917,0.4696132596685083,0.22099447513812154,0.20441988950276244,0.04419889502762431,0.35911602209944754,0.3701657458563536,0.27071823204419887,0.2541436464088398,0.2154696132596685,0.06077348066298342,0.10497237569060774,0.15469613259668508,0.20994475138121543
700669,"Graceffo, Gordon",86,0.43023255813953487,0.5697674418604651,0.3372093023255814,0.18604651162790697,0.046511627906976744,0.36046511627906974,0.4418604651162791,0.19767441860465115,0.2441860465116279,0.1744186046511628,0.011627906976744186,0.11627906976744184,0.2674418604651163,0.18604651162790697
669461,"Liberatore, Matthew",173,0.3988439306358382,0.6011560693641619,0.2947976878612717,0.2658959537572254,0.04046242774566474,0.45664739884393063,0.2774566473988439,0.2658959537572254,0.2254335260115607,0.10982658959537572,0.06358381502890173,0.23121387283236994,0.16763005780346818,0.20231213872832368
676617,"O'Brien, Riley",66,0.6060606060606061,0.3939393939393939,0.15151515151515152,0.24242424242424243,0,0.42424242424242425,0.3939393939393939,0.18181818181818182,0.2878787878787879,0.24242424242424243,0.07575757575757576,0.13636363636363635,0.1515151515151515,0.10606060606060606
681867,"Criswell, Cooper",75,0.64,0.36,0.21333333333333335,0.13333333333333333,0.013333333333333334,0.44,0.37333333333333335,0.18666666666666668,0.30666666666666664,0.25333333333333335,0.08,0.13333333333333336,0.12,0.10666666666666667
663969,"Phillips, Tyler",112,0.49107142857142855,0.5089285714285714,0.24107142857142858,0.23214285714285715,0.03571428571428571,0.375,0.35714285714285715,0.26785714285714285,0.25,0.16964285714285715,0.07142857142857142,0.125,0.1875,0.19642857142857142
676974,"Meyer, Max",174,0.42528735632183906,0.5747126436781609,0.28160919540229884,0.21839080459770116,0.07471264367816093,0.367816091954023,0.3850574712643678,0.2471264367816092,0.20689655172413793,0.16666666666666666,0.05172413793103448,0.16091954022988506,0.21839080459770113,0.19540229885057472
677053,"Nardi, Andrew",60,0.43333333333333335,0.5666666666666667,0.31666666666666665,0.21666666666666667,0.03333333333333333,0.36666666666666664,0.3333333333333333,0.3,0.11666666666666667,0.2,0.11666666666666667,0.24999999999999997,0.1333333333333333,0.18333333333333332
621111,"Buehler, Walker",156,0.4551282051282051,0.5448717948717948,0.20512820512820512,0.28846153846153844,0.05128205128205128,0.3974358974358974,0.3974358974358974,0.20512820512820512,0.22435897435897437,0.1987179487179487,0.03205128205128205,0.17307692307692304,0.1987179487179487,0.17307692307692307
592094,"Adam, Jason",60,0.5,0.5,0.3,0.13333333333333333,0.06666666666666667,0.5166666666666667,0.31666666666666665,0.16666666666666666,0.3333333333333333,0.13333333333333333,0.03333333333333333,0.1833333333333334,0.18333333333333332,0.13333333333333333
676962,"Brown, Ben",132,0.5151515151515151,0.48484848484848486,0.20454545454545456,0.20454545454545456,0.07575757575757576,0.4015151515151515,0.4015151515151515,0.19696969696969696,0.25,0.20454545454545456,0.06060606060606061,0.1515151515151515,0.19696969696969693,0.13636363636363635
681190,"Vásquez, Randy",182,0.3791208791208791,0.6208791208791209,0.29120879120879123,0.25824175824175827,0.07142857142857142,0.4340659340659341,0.3626373626373626,0.2032967032967033,0.22527472527472528,0.12637362637362637,0.027472527472527472,0.2087912087912088,0.23626373626373626,0.1758241758241758
592791,"Taillon, Jameson",181,0.3425414364640884,0.6574585635359117,0.3867403314917127,0.19889502762430938,0.0718232044198895,0.44751381215469616,0.281767955801105,0.27071823204419887,0.17679558011049723,0.13812154696132597,0.027624309392265192,0.2707182320441989,0.143646408839779,0.2430939226519337
676755,"Mattson, Isaac",61,0.21311475409836064,0.7868852459016393,0.36065573770491804,0.3442622950819672,0.08196721311475409,0.22950819672131148,0.36065573770491804,0.4098360655737705,0.04918032786885246,0.13114754098360656,0.03278688524590164,0.18032786885245902,0.22950819672131148,0.3770491803278689
694973,"Skenes, Paul",163,0.44171779141104295,0.558282208588957,0.20245398773006135,0.25153374233128833,0.10429447852760736,0.39263803680981596,0.3374233128834356,0.26993865030674846,0.24539877300613497,0.147239263803681,0.049079754601226995,0.147239263803681,0.19018404907975459,0.22085889570552147
669160,"May, Dustin",181,0.43646408839779005,0.56353591160221,0.22099447513812154,0.2596685082872928,0.08287292817679558,0.30386740331491713,0.3812154696132597,0.3149171270718232,0.15469613259668508,0.20994475138121546,0.0718232044198895,0.14917127071823205,0.17127071823204423,0.2430939226519337
592836,"Walker, Taijuan",86,0.3953488372093023,0.6046511627906976,0.3372093023255814,0.22093023255813954,0.046511627906976744,0.2441860465116279,0.47674418604651164,0.27906976744186046,0.12790697674418605,0.20930232558139536,0.05813953488372093,0.11627906976744184,0.2674418604651163,0.22093023255813954
666142,"Ragans, Cole",83,0.3493975903614458,0.6506024096385541,0.37349397590361444,0.1927710843373494,0.08433734939759036,0.40963855421686746,0.3373493975903614,0.25301204819277107,0.20481927710843373,0.10843373493975904,0.03614457831325301,0.20481927710843373,0.22891566265060237,0.21686746987951805
670167,"Schreiber, John",69,0.4782608695652174,0.5217391304347826,0.2318840579710145,0.2463768115942029,0.043478260869565216,0.4492753623188406,0.36231884057971014,0.18840579710144928,0.2463768115942029,0.21739130434782608,0.014492753623188406,0.20289855072463767,0.14492753623188406,0.17391304347826086
677960,"Weathers, Ryan",165,0.41818181818181815,0.5818181818181818,0.26666666666666666,0.2545454545454545,0.06060606060606061,0.32727272727272727,0.46060606060606063,0.21212121212121213,0.15151515151515152,0.2,0.06666666666666667,0.17575757575757575,0.2606060606060606,0.14545454545454545
701542,"Warren, Will",162,0.41975308641975306,0.5802469135802469,0.2962962962962963,0.2037037037037037,0.08024691358024691,0.38271604938271603,0.345679012345679,0.2716049382716049,0.19135802469135801,0.16049382716049382,0.06790123456790123,0.19135802469135801,0.18518518518518517,0.2037037037037037
656638,"Lange, Alex",67,0.47761194029850745,0.5223880597014925,0.26865671641791045,0.2537313432835821,0,0.4925373134328358,0.3582089552238806,0.14925373134328357,0.34328358208955223,0.11940298507462686,0.014925373134328358,0.14925373134328357,0.2388059701492537,0.13432835820895522
642207,"Williams, Devin",44,0.4318181818181818,0.5681818181818181,0.2727272727272727,0.22727272727272727,0.06818181818181818,0.5909090909090909,0.2727272727272727,0.13636363636363635,0.29545454545454547,0.11363636363636363,0.022727272727272728,0.29545454545454547,0.15909090909090906,0.11363636363636362
623211,"Brazobán, Huascar",78,0.5512820512820513,0.4487179487179487,0.20512820512820512,0.14102564102564102,0.10256410256410256,0.47435897435897434,0.3974358974358974,0.1282051282051282,0.2948717948717949,0.20512820512820512,0.05128205128205128,0.17948717948717946,0.1923076923076923,0.07692307692307691
605280,"Holmes, Clay",150,0.5533333333333333,0.4466666666666667,0.22,0.18,0.04666666666666667,0.41333333333333333,0.4066666666666667,0.18,0.25333333333333335,0.24,0.06,0.15999999999999998,0.16666666666666669,0.12
668964,"Myers, Tobias",101,0.3564356435643564,0.6435643564356436,0.297029702970297,0.21782178217821782,0.12871287128712872,0.3564356435643564,0.38613861386138615,0.25742574257425743,0.1782178217821782,0.12871287128712872,0.04950495049504951,0.1782178217821782,0.25742574257425743,0.20792079207920794
688642,"Agnos, Zach",120,0.375,0.625,0.3333333333333333,0.25833333333333336,0.03333333333333333,0.4083333333333333,0.39166666666666666,0.2,0.2,0.16666666666666666,0.008333333333333333,0.20833333333333331,0.225,0.19166666666666668
801403,"Dollander, Chase",121,0.49586776859504134,0.5041322314049588,0.24793388429752067,0.17355371900826447,0.08264462809917356,0.2975206611570248,0.4297520661157025,0.2727272727272727,0.19008264462809918,0.2644628099173554,0.04132231404958678,0.10743801652892562,0.1652892561983471,0.23140495867768593
547179,"Lorenzen, Michael",213,0.4507042253521127,0.5492957746478873,0.22065727699530516,0.2863849765258216,0.04225352112676056,0.43661971830985913,0.3427230046948357,0.22065727699530516,0.23943661971830985,0.15492957746478872,0.056338028169014086,0.19718309859154928,0.18779342723004697,0.16431924882629106
702193,"Morris, Andrew",77,0.38961038961038963,0.6103896103896104,0.3246753246753247,0.22077922077922077,0.06493506493506493,0.33766233766233766,0.38961038961038963,0.2727272727272727,0.12987012987012986,0.22077922077922077,0.03896103896103896,0.2077922077922078,0.16883116883116886,0.23376623376623373
668933,"Ashcraft, Graham",61,0.5409836065573771,0.45901639344262296,0.22950819672131148,0.19672131147540983,0.03278688524590164,0.4426229508196721,0.36065573770491804,0.19672131147540983,0.2459016393442623,0.2459016393442623,0.04918032786885246,0.19672131147540983,0.11475409836065575,0.14754098360655737
690986,"Harrison, Kyle",128,0.359375,0.640625,0.265625,0.296875,0.078125,0.3984375,0.3203125,0.28125,0.1875,0.1015625,0.0703125,0.2109375,0.21875,0.2109375
657044,"Thompson, Ryan",61,0.4918032786885246,0.5081967213114754,0.21311475409836064,0.21311475409836064,0.08196721311475409,0.4426229508196721,0.39344262295081966,0.16393442622950818,0.21311475409836064,0.21311475409836064,0.06557377049180328,0.22950819672131148,0.18032786885245902,0.0983606557377049
676083,"Junk, Janson",197,0.4517766497461929,0.5482233502538071,0.23857868020304568,0.19289340101522842,0.116751269035533,0.39593908629441626,0.36548223350253806,0.23857868020304568,0.19289340101522842,0.2131979695431472,0.04568527918781726,0.20304568527918784,0.15228426395939085,0.19289340101522842
656848,"Petersen, Michael",55,0.36363636363636365,0.6363636363636365,0.4,0.12727272727272726,0.10909090909090909,0.36363636363636365,0.41818181818181815,0.21818181818181817,0.18181818181818182,0.10909090909090909,0.07272727272727272,0.18181818181818182,0.3090909090909091,0.14545454545454545
684007,"Imanaga, Shota",194,0.3865979381443299,0.61340206185567,0.33505154639175255,0.18556701030927836,0.09278350515463918,0.4587628865979381,0.29896907216494845,0.2422680412371134,0.23711340206185566,0.10824742268041238,0.041237113402061855,0.22164948453608246,0.19072164948453607,0.20103092783505155
808963,"Sasaki, Roki",149,0.42953020134228187,0.5704697986577181,0.28187919463087246,0.20134228187919462,0.087248322147651,0.3624161073825503,0.348993288590604,0.28859060402684567,0.24161073825503357,0.1476510067114094,0.040268456375838924,0.12080536912751674,0.20134228187919462,0.24832214765100674
686218,"Sheehan, Emmet",141,0.3971631205673759,0.6028368794326242,0.2765957446808511,0.23404255319148937,0.09219858156028368,0.5106382978723404,0.3191489361702128,0.1702127659574468,0.2127659574468085,0.16312056737588654,0.02127659574468085,0.2978723404255319,0.15602836879432624,0.14893617021276595
696147,"Bachman, Sam",70,0.5,0.5,0.24285714285714285,0.18571428571428572,0.07142857142857142,0.4142857142857143,0.34285714285714286,0.24285714285714285,0.2571428571428571,0.15714285714285714,0.08571428571428572,0.1571428571428572,0.18571428571428572,0.15714285714285714
672282,"Detmers, Reid",179,0.3854748603351955,0.6145251396648045,0.3016759776536313,0.2122905027932961,0.1005586592178771,0.39106145251396646,0.39664804469273746,0.2122905027932961,0.21787709497206703,0.11731843575418995,0.05027932960893855,0.17318435754189943,0.2793296089385475,0.16201117318435754
650633,"King, Michael",173,0.49710982658959535,0.5028901734104047,0.2254335260115607,0.2023121387283237,0.07514450867052024,0.4393063583815029,0.3583815028901734,0.2023121387283237,0.2947976878612717,0.15606936416184972,0.046242774566473986,0.1445086705202312,0.20231213872832368,0.15606936416184972
605135,"Bassitt, Chris",181,0.47513812154696133,0.5248618784530387,0.2154696132596685,0.2265193370165746,0.08287292817679558,0.39226519337016574,0.3756906077348066,0.23204419889502761,0.22099447513812154,0.18232044198895028,0.0718232044198895,0.1712707182320442,0.19337016574585633,0.1602209944751381
689296,"Nunez, Anthony",76,0.4342105263157895,0.5657894736842105,0.23684210526315788,0.25,0.07894736842105263,0.47368421052631576,0.27631578947368424,0.25,0.21052631578947367,0.13157894736842105,0.09210526315789473,0.2631578947368421,0.1447368421052632,0.15789473684210525
670329,"Garcia, Rico",50,0.44,0.56,0.16,0.26,0.14,0.44,0.38,0.18,0.18,0.2,0.06,0.26,0.18,0.12
680694,"Bradish, Kyle",162,0.5061728395061729,0.49382716049382713,0.2222222222222222,0.18518518518518517,0.08641975308641975,0.2962962962962963,0.42592592592592593,0.2777777777777778,0.17901234567901234,0.2345679012345679,0.09259259259259259,0.11728395061728394,0.19135802469135804,0.1851851851851852
681293,"Arrighetti, Spencer",121,0.36363636363636365,0.6363636363636364,0.3140495867768595,0.24793388429752067,0.0743801652892562,0.4462809917355372,0.38016528925619836,0.17355371900826447,0.21487603305785125,0.1322314049586777,0.01652892561983471,0.23140495867768596,0.24793388429752067,0.15702479338842976
678906,"Teng, Kai-Wei",103,0.4368932038834951,0.5631067961165048,0.2621359223300971,0.23300970873786409,0.06796116504854369,0.3786407766990291,0.36893203883495146,0.2524271844660194,0.24271844660194175,0.1553398058252427,0.038834951456310676,0.13592233009708737,0.21359223300970875,0.21359223300970875
621121,"McCullers Jr., Lance",105,0.44761904761904764,0.5523809523809524,0.26666666666666666,0.20952380952380953,0.0761904761904762,0.49523809523809526,0.2857142857142857,0.21904761904761905,0.2761904761904762,0.1523809523809524,0.01904761904761905,0.21904761904761905,0.1333333333333333,0.2
640448,"Finnegan, Kyle",79,0.4810126582278481,0.5189873417721519,0.22784810126582278,0.21518987341772153,0.0759493670886076,0.3670886075949367,0.4177215189873418,0.21518987341772153,0.24050632911392406,0.189873417721519,0.05063291139240506,0.12658227848101267,0.22784810126582278,0.16455696202531647
676684,"Vest, Will",50,0.58,0.42000000000000004,0.22,0.18,0.02,0.38,0.22,0.4,0.34,0.1,0.14,0.03999999999999998,0.12,0.26
657756,"Seabold, Connor",54,0.42592592592592593,0.5740740740740741,0.3148148148148148,0.2037037037037037,0.05555555555555555,0.3148148148148148,0.42592592592592593,0.25925925925925924,0.07407407407407407,0.25925925925925924,0.09259259259259259,0.24074074074074076,0.16666666666666669,0.16666666666666666
657514,"Bernardino, Brennan",73,0.5068493150684932,0.4931506849315068,0.1780821917808219,0.2328767123287671,0.0821917808219178,0.3424657534246575,0.3287671232876712,0.3287671232876712,0.2328767123287671,0.1643835616438356,0.1095890410958904,0.1095890410958904,0.1643835616438356,0.2191780821917808
680802,"Weiss, Ryan",81,0.3333333333333333,0.6666666666666665,0.2716049382716049,0.30864197530864196,0.08641975308641975,0.41975308641975306,0.30864197530864196,0.2716049382716049,0.13580246913580246,0.09876543209876543,0.09876543209876543,0.2839506172839506,0.20987654320987653,0.1728395061728395
683742,"Franco, Jose",52,0.3269230769230769,0.673076923076923,0.34615384615384615,0.23076923076923078,0.09615384615384616,0.4230769230769231,0.3076923076923077,0.2692307692307692,0.21153846153846154,0.09615384615384616,0.019230769230769232,0.21153846153846154,0.21153846153846156,0.25
656427,"Flaherty, Jack",150,0.32666666666666666,0.6733333333333333,0.29333333333333333,0.26666666666666666,0.11333333333333333,0.42,0.31333333333333335,0.26666666666666666,0.18666666666666668,0.1,0.04,0.2333333333333333,0.21333333333333335,0.22666666666666666
607200,"Fedde, Erick",176,0.35795454545454547,0.6420454545454545,0.32386363636363635,0.23295454545454544,0.08522727272727272,0.35795454545454547,0.39204545454545453,0.25,0.16477272727272727,0.14204545454545456,0.05113636363636364,0.1931818181818182,0.24999999999999997,0.19886363636363635
815083,"Farris, Mitch",60,0.4166666666666667,0.5833333333333334,0.21666666666666667,0.31666666666666665,0.05,0.38333333333333336,0.4166666666666667,0.2,0.16666666666666666,0.21666666666666667,0.03333333333333333,0.2166666666666667,0.2,0.16666666666666669
641743,"Kay, Anthony",182,0.45604395604395603,0.5439560439560439,0.21428571428571427,0.24175824175824176,0.08791208791208792,0.5,0.34065934065934067,0.15934065934065933,0.2692307692307692,0.17032967032967034,0.016483516483516484,0.23076923076923078,0.17032967032967034,0.14285714285714285
663855,"Hicks, Jordan",54,0.5370370370370371,0.46296296296296297,0.25925925925925924,0.16666666666666666,0.037037037037037035,0.35185185185185186,0.3888888888888889,0.25925925925925924,0.25925925925925924,0.24074074074074073,0.037037037037037035,0.09259259259259262,0.14814814814814817,0.2222222222222222
663436,"Martin, Davis",175,0.46285714285714286,0.5371428571428573,0.18857142857142858,0.28,0.06857142857142857,0.37714285714285717,0.3942857142857143,0.22857142857142856,0.2057142857142857,0.2,0.05714285714285714,0.17142857142857146,0.19428571428571428,0.17142857142857143
813349,"Early, Connelly",170,0.40588235294117647,0.5941176470588234,0.3176470588235294,0.22941176470588234,0.047058823529411764,0.4294117647058823,0.37058823529411766,0.2,0.2411764705882353,0.14705882352941177,0.01764705882352941,0.18823529411764703,0.2235294117647059,0.1823529411764706
676979,"Crochet, Garrett",86,0.37209302325581395,0.627906976744186,0.2441860465116279,0.36046511627906974,0.023255813953488372,0.3953488372093023,0.37209302325581395,0.23255813953488372,0.1744186046511628,0.18604651162790697,0.011627906976744186,0.2209302325581395,0.18604651162790697,0.22093023255813954
669093,"Estrada, Jeremiah",45,0.3111111111111111,0.6888888888888889,0.35555555555555557,0.2222222222222222,0.1111111111111111,0.28888888888888886,0.4222222222222222,0.28888888888888886,0.1111111111111111,0.13333333333333333,0.06666666666666667,0.17777777777777776,0.28888888888888886,0.2222222222222222
666157,"Lodolo, Nick",60,0.45,0.55,0.23333333333333334,0.26666666666666666,0.05,0.38333333333333336,0.35,0.26666666666666666,0.21666666666666667,0.15,0.08333333333333333,0.16666666666666669,0.19999999999999998,0.18333333333333335